ODM_sample,InitialBacklog_frac,S0_backlog_km,S0_cost_GBP,S0_co2_wl_t,S5_backlog_km,S5_cost_GBP,S5_co2_wl_t,S6_backlog_km,S6_cost_GBP,S6_co2_wl_t
1.25694810634307,0.320801810898263,20.5303463110086,8380698.46703378,18982.5987401536,15.3245189745102,6415168.46884858,17730.2617715394,12.8969037428248,6327269.12605185,16612.206765174
0.766833520757903,0.231439004419157,13.6304626244387,5623375.78700525,17209.6487029539,9.96982476385481,4236482.49809049,16344.1469366898,8.32193042771665,4165200.45111285,15218.8340963113
0.658298356668701,0.264275140369638,11.9404791467046,5040637.31241449,16852.0165395644,8.69336405993353,3811763.99156127,16092.512525816,7.24700651662022,3765199.77730304,14981.747798197
0.702985779909128,0.323487462229882,12.6442887273663,5409377.41992286,17097.2642484104,9.22353744319183,4119173.04601786,16297.0925617779,7.69296910913976,4083720.03554489,15195.2782007903
0.764645248918289,0.148271523794943,13.596781431611,5468065.70915577,17092.2507985192,9.94409277581874,4078184.84605682,16224.2077458016,8.29999020093227,3982534.81591167,15081.6081704971
0.926127026693369,0.233549849113037,15.99895450212,6524087.70770448,17779.8652710535,11.7812494631098,4926656.47518311,16773.1788353041,9.85765455424135,4837587.09397838,15640.7144288197
1.35655382125161,0.239871826118144,21.8011677775502,8735979.71142721,19194.4207374401,16.3370509332898,6662690.6649555,17869.2957280969,13.7737392123245,6546413.33311356,16735.4455223136
0.965479356521252,0.138203647031443,16.5643573942172,6580486.0156449,17794.8908198368,12.2175080744482,4925876.26199451,16749.1014228723,10.2291554084604,4804533.40197204,15595.2817099722
0.976199734407087,0.138702205975718,16.7171387269922,6639499.72655376,17832.5704570109,12.3357151959229,4971735.00472164,16777.9586555189,10.3299910595883,4849520.5197841,15623.9347109241
1.31879153997091,0.278315550739736,21.3241610844828,8614682.82156987,19124.1127253747,15.9560095304728,6582465.51945738,17826.8093298321,13.4433326584189,6479101.02564045,16700.4733859013
1.27217696755346,0.208564657599523,20.7272043140862,8278578.28556328,18894.7776708926,15.4806670522716,6285836.51910719,17623.1420655046,13.031790457304,6163668.05494022,16481.4409793446
0.866390134406397,0.295486289818713,15.1259846860392,6297678.34528813,17650.1787562433,11.1105946308022,4781787.8801231,16698.632503648,9.28779702776443,4717521.89641438,15581.5508561652
1.05115524747175,0.257692032979857,17.7703057592244,7234889.75886272,18237.3702364707,13.1539343133432,5488126.68194721,17130.7881246548,11.0295741705305,5394783.7902932,16000.1855949726
0.795231541449095,0.154805887551036,14.0620476106014,5656182.69435381,17212.4549059347,10.2977608359957,4224471.54358727,16316.3879184845,8.59886870927646,4126858.88699818,15173.342801841
0.737364460138012,0.343286387734715,13.1782093295622,5644728.69137295,17249.6531759496,9.62716863161145,4307016.72931577,16417.812809758,8.03307519162311,4272741.99736911,15317.7799886503
1.23594019865393,0.158100214989701,20.2568926110436,8019798.53432038,18718.7986748479,15.1074789228145,6059294.55648963,17468.223405186,12.7092562423758,5923861.6781397,16315.551089915
0.896944460276102,0.295319809715177,15.5747726669081,6466852.90103285,17757.277180275,11.4549722211006,4911544.44311979,16779.3047491617,9.58027026439299,4843891.64819334,15660.9206450556
1.34925435618444,0.117321358215672,21.7093165115222,8510635.01980742,19025.8622903386,16.2634127392999,6431181.5373255,17695.3456748879,13.7097508928318,6278529.7771106,16535.3658902705
1.30633239063807,0.089320505960093,21.1653463628546,8258747.03714845,18858.5563697897,15.8291304106777,6218876.86475163,17554.2161793539,13.3332640904407,6059542.92199572,16387.631152811
1.11202715678287,0.210135127952745,18.6061943483513,7474735.72320005,18380.4977074424,13.8070717651459,5653836.07814209,17223.845569198,11.5895551125017,5541648.43590595,16082.3972365096
0.608557936213798,0.254685727497378,11.1441275188027,4722545.06782321,16651.3470369659,8.09619389772729,3568006.42691516,15941.4231735695,6.74598665869209,3526137.07309146,14832.9324389499
1.3402378792059,0.26102983006388,21.5957775515122,8690819.16203361,19169.5638899085,16.1728405062178,6635679.31430935,17856.7767175655,13.6312887443017,6526316.1193423,16727.1203016397
0.902339516956301,0.262605633164967,15.6534638377437,6441820.07227005,17734.105718124,11.5153924933387,4876943.65750912,16749.471844222,9.63156108733984,4798990.55201814,15623.9960799189
0.790376846596132,0.113699736847145,13.9884215965649,5558045.31332734,17140.9677215242,10.2416476195572,4129939.19339066,16247.0466760099,8.55131914826853,4020742.84453253,15095.6603800452
0.850355413191291,0.204816975696844,14.8883709930167,6054863.9648248,17475.9643398903,10.928474821497,4552825.10594971,16533.0533826635,9.13309798565496,4463443.29362051,15397.6489141477
1.29957937137333,0.255612176314104,21.0792172772442,8486225.75920357,19037.2529868541,15.7607505075361,6470714.71084552,17750.8755528078,13.2741896475712,6361366.69835474,16619.45795609
0.679089634120791,0.0556833345748083,12.2685322268506,4801693.93811868,16651.1080395466,8.93976897529535,3528410.1531564,15860.6990985055,7.45350086010103,3417142.67346712,14704.7495587636
1.01267563951883,0.17649252031919,17.232925397501,6898038.5566287,18005.3832507075,12.735706432852,5189383.54498762,16923.6540144224,10.6716480067334,5075100.5340067,15776.6750931427
0.885055280378595,0.2659014437446,15.4006334125256,6351719.25056493,17677.7324935027,11.321172318363,4809274.39899058,16708.1646007971,9.46652070951555,4734157.2908689,15584.0697724895
1.32146313237932,0.342689684646091,21.3581501477963,8728049.45598891,19209.4888563338,15.9832128254535,6700060.88147783,17915.6703542014,13.4669566541146,6615829.65119807,16803.0256416788
1.30242960610777,0.169159697641688,21.1155786775225,8364682.23112273,18942.2365033645,15.7895907502631,6337181.31586267,17646.9723733673,13.2990887883327,6201874.34701864,16497.2632275762
1.04607701590279,0.0741255001592307,17.6995215814605,6908295.31449329,17990.2527952266,13.0984504300965,5150695.94679426,16874.8394890071,10.9817784297767,5003050.55300413,15705.5665620266
0.83218400706983,0.174125281939509,14.6176716129294,5900195.07116117,17371.1148736392,10.7214700545422,4419920.98468118,16442.5911545806,8.95756698863688,4323546.7813407,15301.6251550792
1.37929645350862,0.298730411869266,22.0857417187048,8935208.45107932,19333.7583119954,16.5650511606602,6846506.27318501,17998.9653284029,13.9717472437263,6747066.35593857,16878.0583242487
0.680061562561303,0.175483355832827,12.2842360648644,5016137.81177902,16814.7719387348,8.95181824574075,3749338.94426017,16029.3930285379,7.46396346489436,3673355.34134464,14898.3770429494
1.2117570310207,0.10468289573254,19.9399052544028,7814058.82528643,18576.1964903052,14.8565677261185,5873651.58072057,17338.5546959908,12.4926595048279,5723586.14980284,16174.4697605676
0.633871899971014,0.0531296056782784,11.550423771796,4522695.03281045,16475.8307394894,8.40016374223461,3317119.06296388,15730.7546521393,7.00027824949378,3211851.47644512,14578.0357918678
0.828579813417223,0.122594110622283,14.5636670579047,5792333.40129845,17291.125469003,10.6801239305569,4312915.47980611,16362.8180032582,8.92241936929521,4201671.18357564,15211.2163813028
1.28485228507264,0.307420250764005,20.8904852832614,8495916.79869677,19053.7332254407,15.6106135596812,6500647.38513564,17781.3991883791,13.1442865852994,6407431.87264478,16660.7849858698
1.10265223227026,0.139255610298314,18.4784507847954,7311547.48485015,18261.5109595653,13.7068918090906,5494514.58260973,17106.8160081267,11.5034500350142,5361863.18900099,15950.4774659485
0.7164315930339,0.319753809404604,12.8538377755863,5481909.832007,17141.8176562855,9.38177556210364,4172197.68860788,16328.5709588499,7.82620383585448,4133783.11900827,15225.0266175839
0.833432578531871,0.307391202963623,14.6366441357615,6133097.58688089,17548.8304509689,10.7362282544335,4661469.29166147,16627.0401960489,8.97038143519578,4604514.26564986,15513.9922400304
1.08825500200235,0.175133991051418,18.2816896936134,7294720.18290872,18258.2124945549,13.5529979586418,5497478.58687622,17117.0956398977,11.3714520201162,5376603.91999525,15968.5068433346
0.86850071310115,0.190221080300709,15.1568988991308,6132156.41835063,17521.6173837867,11.1340767194911,4605116.64999261,16561.8269304015,9.30749321587813,4509337.24124913,15422.5272407731
0.735108782198589,0.11112136549545,13.1426887593091,5231331.43102194,16934.3755615036,9.59982591116183,3880470.23915916,16092.2744496423,8.00941079875309,3777736.5414006,14943.8130814511
1.07969269055055,0.331911366328408,18.1644165191178,7504698.92477848,18425.0705055985,13.4616065163801,5731908.38782158,17301.7086679066,11.2933075229918,5658442.4628445,16186.3562446209
0.977786367579803,0.159626818591068,16.7397406097638,6682677.19813276,17864.5762544997,12.3532516111813,5014787.98753928,16810.049115297,10.3449929439995,4898654.68927446,15660.3920356328
1.01121952062525,0.282903957250386,17.2126329307308,7065129.32940748,18134.5927321961,12.7201443253139,5367706.43072581,17061.2768260172,10.6585293784803,5285254.33681974,15936.7818205384
0.647096079099121,0.301219283713566,11.7624844290212,5037984.16551514,16859.5921889356,8.55972203585275,3828128.44507494,16112.9997880855,7.13488911648208,3794136.73129577,15010.8550206634
0.87761701552868,0.134979282878948,15.2910768058942,6090253.57716369,17482.6688907109,11.2368472884929,4546884.98794162,16511.5168501731,9.39462009287647,4433673.15921312,15360.2061810793
0.989499761338147,0.231861599881612,16.9060780218465,6865065.33984445,17996.2620272843,12.4822322759326,5189225.5019373,16936.9888906919,10.4552140771549,5093516.83755498,15802.2493290407
0.867623149707222,0.119444911909268,15.1437890129494,6008023.58666867,17427.0442251662,11.1238891192701,4476485.37694741,16463.7216196975,9.29868989488326,4359774.83688278,15309.5847101694
0.62395125415881,0.24328056012682,11.3920243686456,4796314.72518293,16694.3509353641,8.28177098924289,3617626.48912978,15968.2544397702,6.90151613906114,3570017.15262804,14856.0129356309
1.36623902658862,0.284086238499469,21.9226228489156,8850675.72692949,19276.6539150015,16.4343336318124,6772855.57326914,17948.967863043,13.8582160633014,6669463.8655656,16824.6850182312
1.38239834728843,0.218797026819042,22.1243367719703,8826294.49646927,19248.3327789178,16.595893943564,6725872.04933467,17904.8712581067,13.9984891152913,6602436.97487461,16767.0703686821
0.718680569452361,0.14899056119951,12.8882710089601,5199808.42036029,16923.5864285292,9.40746800145209,3875095.68707445,16099.2519584836,7.84739030779199,3785821.82010984,14959.8457835501
0.840613750631145,0.345981091160168,14.7438366682248,6238812.8312189,17624.4615879095,10.8182191030832,4760678.46129583,16698.584689522,9.0399497411485,4714344.81736894,15593.292240006
1.16112154473089,0.0692230938401195,19.2680939616834,7500469.03594947,18368.0579312195,14.3266275396292,5611329.98303257,17164.4165556327,12.0360181350155,5453742.90444059,15992.8495181591
1.25478390049624,0.0569226750841562,20.5020354628632,7953662.10238614,18656.2520349069,15.30166632229,5963115.92842814,17384.588665501,12.8769020646455,5796487.55334655,16210.6033211874
0.966902004370575,0.246185426966254,16.5848595229375,6767018.51294563,17936.9908524268,12.2335693755948,5119976.9257513,16897.1391432983,10.243054870313,5030644.25093849,15766.0354855824
1.02309894169135,0.230389187237092,17.3792266872667,7042029.11828832,18108.6425951893,12.8494838106039,5325775.45153815,17022.2696138436,10.7690114596942,5226643.9780053,15886.4361008654
0.939987266775359,0.321527620095825,16.1991841021275,6746239.71178305,17940.2875751084,11.9357983466649,5138875.70616557,16927.6273007428,9.98941707123518,5074585.64863451,15813.2217852931
0.605414618731092,0.184579713376145,11.0930707248175,4579597.27926737,16544.508502069,8.05788273560668,3425651.03984614,15834.6188781553,6.71368370757941,3363589.17776611,14711.8293759058
1.09313421342573,0.269787094633487,18.3486213783664,7473553.73510247,18392.1634222602,13.6055106799989,5679650.13510781,17254.1193169689,11.4166368697669,5586640.32383319,16125.4754544521
1.16353708560182,0.253294551446036,19.3006052453165,7807702.87341942,18602.2385594405,14.3525159142037,5933985.08510585,17410.6285379781,12.0585241996898,5831190.91760775,16278.0035158916
0.666990065841271,0.149380220608357,12.0778132386064,4892196.01052472,16730.7577953095,8.79641129187009,3642987.09891646,15957.0056236215,7.33325832955454,3561188.60978157,14821.5726964024
0.625791021716615,0.277704533205264,11.4216910937777,4868028.20818216,16747.7402094567,8.30405946740926,3688681.23429659,16021.3872593798,6.92030576305187,3650952.78229795,14916.1533192629
1.2872883792905,0.0682895046108363,20.9215711223679,8132387.51319145,18773.2651233611,15.6350010064885,6109575.92102628,17480.1239198462,13.1651796776446,5944792.48973317,16308.8488487766
1.17788369772611,0.203075267913707,19.4918577311636,7799994.55906256,18587.0586963492,14.5030748430648,5905764.44450769,17381.2540113878,12.1880907213793,5787080.32347935,16237.9740234473
1.28022979119332,0.0535028078864158,20.8308295654283,8074372.13569719,18733.0953995688,15.5628084189391,6057219.84308493,17443.5934641668,13.1027005522509,5888341.39883594,16269.1087513643
0.895437046496365,0.232911988960964,15.5526083274947,6353918.82018991,17671.747257452,11.437818631755,4795440.98473015,16691.1811829819,9.56555942409674,4709395.21753614,15559.7282733179
0.88338688620084,0.123983002225124,15.3758394892409,6104063.87115503,17488.9759817772,11.3018617751159,4552297.09768314,16512.1054322283,9.44981189709196,4435179.74104995,15358.2363285963
0.899233674551709,0.0743938722182641,15.6077440475148,6109382.3785617,17481.3490335503,11.479877141808,4533054.34081745,16487.6194660125,9.60097368196803,4399471.14304974,15322.667967208
0.948814299147787,0.0524813288761292,16.3255952268324,6347236.92157541,17627.8319747347,12.0328459777945,4706014.65196002,16590.3542618972,10.0715710339228,4560784.04700375,15418.9905474726
0.981590177911789,0.267979300484811,16.7939784004338,6882203.59082846,18014.9739694566,12.3954536002741,5219120.14903454,16964.5453032908,10.3812045954863,5134896.12654436,15837.6281984836
0.661942218506989,0.214959828690084,11.9981002269742,4976344.4640229,16799.5945852524,8.73658788819876,3738881.96054544,16034.0709220604,7.28317736291402,3677207.88303068,14912.7255316856
0.654707461317728,0.157384020118677,11.8830908707229,4832107.84612507,16695.1488830161,8.65004530336015,3601706.82521377,15934.0276938038,7.21032361868497,3524088.42714654,14801.2644102625
1.38694371782615,0.0638317717413211,22.1808000130508,8608447.98248061,19078.4541515089,16.6409831935418,6486657.57766829,17719.0856100755,14.0375666399746,6316751.10559098,16548.5011751078
1.06897460311029,0.315246448583779,18.0168526291423,7421905.48756255,18368.7696747259,13.3463354160711,5659832.45423171,17252.4349045902,11.1944758150897,5582226.47378395,16133.7081952619
0.68795996894716,0.101583420877635,12.4082160528099,4934836.22809154,16745.783458639,9.04508012064064,3651525.17747205,15948.9177565758,7.54219510474674,3552549.36496544,14801.8628825407
0.998229076011532,0.1339209605685,17.0293542879383,6750551.7799218,17902.2890032527,12.5776274820277,5055514.33164701,16829.3418705206,10.5365044471294,4929839.71260852,15673.7261454344
0.84887152880185,0.152564898147449,14.8662120722565,5958203.05253437,17402.9328476493,10.9114176819553,4454024.39595438,16458.214107799,9.11851518301367,4349294.40847945,15311.9033742287
1.13793406462063,0.314960789790241,18.95702366082,7776610.05663191,18595.0577000423,14.082470400598,5936931.09407587,17426.7895578205,11.8263135376168,5854219.46303853,16307.316326052
0.95190329464605,0.170476275761333,16.3701453011719,6560074.37398446,17788.9102647856,12.0674763160018,4925059.11428803,16756.5226890446,10.1013101654732,4814640.78874042,15609.918104013
1.09115578561783,0.226010341878325,18.3214878890444,7392325.19820846,18331.1610916376,13.5842105333224,5596552.13814949,17191.4770622369,11.3983003990945,5490633.11454354,16053.6045758467
1.368373921209,0.216404033565634,21.9492910212696,8755947.24918085,19202.6827628311,16.4556040987679,6668698.97389599,17867.9916869302,13.8766378902473,6545002.27144696,16729.3925679062
0.959690729111369,0.21902244550726,16.4817801900262,6682966.63569692,17877.6341238851,12.1538212911996,5042461.11503045,16841.9479996241,10.1750029762401,4945734.1011951,15705.3324912236
0.947333627156874,0.288804618467507,16.30477761761,6731726.19575072,17923.8754359542,12.0172278675805,5112469.37136545,16902.9873266618,10.0587200382721,5037715.83844754,15781.4544412379
0.76159293490091,0.271874877817041,13.5504297075733,5662411.2427148,17243.7617590576,9.9091591584343,4285729.44374899,16385.3661254427,8.27081043748202,4227110.84004265,15268.8445282529
0.952185337361107,0.281075930461754,16.3743974428685,6745207.67735563,17930.7440762934,12.070972861336,5119287.48198312,16905.3286789427,10.1045023705634,5041758.86067304,15782.0163859629
0.839954185419308,0.217535076273843,14.7337035083843,6017710.82499264,17455.3458300103,10.8102174293471,4530445.58927442,16522.4362276849,9.03287171524267,4446046.82942281,15390.2009857637
1.27731971731919,0.214087274304525,20.7935033972749,8312486.46489957,18917.617677036,15.5333647450988,6315080.65349267,17642.9197595456,13.0773737304383,6194321.31183539,16502.4409518273
1.3196861894359,0.329719710595293,21.3355697714738,8699264.21329596,19188.477675384,15.9651808123812,6671641.94741188,17894.7700925961,13.4513206447102,6583605.23068047,16779.3478554606
1.12041015080881,0.121651940481999,18.7198909260563,7375207.25381123,18298.5850529657,13.8960474887544,5536428.7112316,17129.1622568839,11.6658529590078,5397243.5332151,15968.9312835404
0.644984535849374,0.0908565621817248,11.7280962683369,4656684.69529194,16568.9643138729,8.53352854922457,3436641.40232427,15814.4092995858,7.11230591153882,3340825.80430206,14668.5914344734
1.0825412224256,0.152801738149408,18.2032911394133,7228642.52299171,18211.3450639293,13.4916708723604,5435858.96012167,17073.0192874174,11.3188218404244,5308759.48403348,15919.7850086523
0.731376388967256,0.0649931020863317,13.0848502107557,5129757.42210622,16859.4912904652,9.55596365345892,3780991.41746115,16018.511870847,7.97230975972662,3665104.34633819,14860.6542613069
0.937749150609715,0.0854305679302619,16.1664866445492,6341185.67842911,17631.142122927,11.9101183428899,4716662.87370602,16605.133223878,9.96708137552124,4582345.44178408,15441.0782820808
0.927823667578853,0.141802495982668,16.0233130913843,6380446.20932089,17668.4348390416,11.7998413442733,4773190.28844995,16654.4509971509,9.87329587810917,4656653.81541773,15502.6104366112
1.39628010020733,0.21333007483779,22.2968293390317,8883541.48147648,19284.0581617745,16.7342859997948,6769329.46957806,17931.3332833428,14.1187556746244,6643837.84440574,16792.679314473
0.752046274141251,0.237827787644915,13.4039580673473,5548565.95344327,17164.0631766604,9.79799596354046,4182759.18512048,16312.7366513298,8.17689711219462,4115298.45020205,15189.683288794
0.778375282104113,0.125224515304903,13.8061752625471,5508305.05249142,17112.242814595,10.1030851552687,4097635.2325506,16230.1008041626,8.43423038700417,3993380.68380389,15081.8359165237
0.827107028707971,0.298374364599155,14.5420635956394,6082127.14713878,17514.5641486318,10.6639795229968,4618218.87864024,16597.8852354323,8.90915697629714,4559332.42344515,15483.2586814582
0.898342201826556,0.116730206291813,15.594814557372,6175342.61434685,17532.6081961601,11.4700230460849,4603630.85976874,16542.2936977842,9.59268628625503,4482731.05416685,15386.2844473257
0.807995926258117,0.0962776134926466,14.2546085247533,5629844.10388721,17182.3240876389,10.4443091864452,4176287.63817249,16271.2000576678,8.72270020566365,4059728.30555062,15115.1674482544
0.629739116199376,0.306330320995702,11.485125619531,4942261.62746514,16801.2236084785,8.3516524782471,3758732.01542053,16072.2330508647,6.96030445138098,3728854.71213224,14972.6189333394
0.871516993615122,0.234717034345355,15.2014800881472,6223942.27773002,17589.777681082,11.1683375111411,4696524.38677296,16630.0577844286,9.33667252554666,4613629.6788204,15499.9789100777
1.31100659078056,0.333502716248474,21.2251413591964,8663407.57193434,19166.2418069687,15.8771266608232,6644761.8544472,17878.5649125877,13.3750367012131,6558209.30682814,16763.8167613511
0.896556816494443,0.131176836196845,15.5687603355836,6189613.12655387,17544.8707599657,11.4500292651895,4621383.88720198,16557.0018082876,9.57572218474281,4504971.38292554,15404.1031699882
0.946523116725072,0.242483987505466,16.2930457648794,6650359.65112681,17862.0319619652,12.0080817863315,5028168.48677995,16838.8118396388,10.0508377274929,4939709.83660953,15707.5471193759
0.765452666499992,0.0759913064740688,13.6089245952714,5348810.08836533,17000.1284963926,9.95316740579458,3952558.2064672,16127.3454093398,8.30746910497823,3835378.7014071,14969.5551299913
1.13137955245747,0.139472606623994,18.8683632604425,7460565.93650589,18356.8556799858,14.0125642528123,5611210.01996454,17180.5076330993,11.7659948007989,5476575.62656829,16023.9597966068
0.920179054091858,0.201714215817013,15.9127481611855,6438311.47199068,17718.3776959428,11.7147821702419,4845730.41992757,16714.6998271569,9.80102401222735,4747801.97796972,15575.7447248131
1.30682957953831,0.1103274174459,21.1717071580287,8294047.89866446,18885.342627626,15.8342284538907,6255903.03390509,17582.3682514304,13.3376968700235,6102826.14340127,16420.24369452
1.38607435194787,0.10825978110094,22.1700164999523,8672937.728104,19128.4614422618,16.6323892826959,6556864.00723759,17773.3804917686,14.0301273913958,6400267.13336933,16612.2043978935
1.10766406896627,0.215563241013996,18.5468425479418,7460964.07310533,18372.8249440285,13.7605820677025,5645495.80010832,17219.8585228045,11.5496462880382,5535242.37399852,16079.5992328084
0.679273189469918,0.253621616945218,12.2720754692543,5147491.41225815,16916.1859313871,8.9428065121245,3887014.3252059,16135.4885498031,7.45660207435577,3834249.74583549,15020.8456600805
0.699101968690104,0.115704123666203,12.5829143864557,5025938.48298954,16806.3723636165,9.1768316586644,3727279.75815632,15999.3031097679,7.65309209514715,3630892.01271101,14854.3566727654
1.21621248003407,0.142474512878111,19.9985225841396,7896470.57865808,18636.6095295357,14.9029702456618,5955148.41437159,17398.7170813107,12.5327290433905,5816119.41501039,16242.6482294771
0.963303611937026,0.060864321944898,16.5331412628295,6440512.01412517,17689.0477388675,12.193222981126,4781930.84058225,16639.9798090354,10.2083004190604,4637774.54841481,15469.9264773421
1.1415109984639,0.150281241898411,19.0050097040575,7530049.21196854,18403.5286064252,14.1198903757752,5670468.92937181,17220.4308685016,11.8582735277494,5538369.35047243,16066.1042955521
1.24796452119858,0.062974267931084,20.4134638323257,7929261.25331673,18641.7861713837,15.2314230380457,5946441.35882282,17375.3530834219,12.816212841768,5781966.51466153,16202.6018524239
0.745489702093812,0.124718757888723,13.3028184988229,5315743.22403935,16990.7377401381,9.72111953186963,3951101.26555541,16139.4768188296,8.11174220661142,3850998.33423934,14993.1688290858
1.03744761285978,0.177937682154979,17.5795900538223,7032225.2377211,18091.2456460039,13.0052476823476,5294256.8268788,16989.8760892305,10.9021710868985,5178274.38105885,15842.6831794066
1.15572419358451,0.299819820042436,19.1960974423049,7842681.11750942,18634.1474190906,14.2703564340288,5982031.84685902,17451.7126960509,11.9878808136393,5893626.71136856,16328.9559646897
0.663640685896487,0.261982019517415,12.0251707057373,5068662.81371191,16868.9559841146,8.75702805373327,3831732.15342046,16104.0530465052,7.30048137740753,3783706.3554253,14992.380536014
0.866469589407929,0.156701861500579,15.1268438991412,6064303.68908604,17471.083699931,11.1109777148877,4537249.59093945,16511.0406245242,9.28781434047702,4431739.00258021,15364.7860974099
1.20032676257046,0.151424344753561,19.7892818117558,7830880.76279923,18596.3773506676,14.7376357719138,5907370.42813293,17370.4902030834,12.3901500505515,5771919.99166687,16216.2795887838
0.94349815081361,0.224285447213053,16.2495247684027,6603634.58859396,17828.3560356578,11.9744546852668,4983662.44317972,16806.4810646239,10.0221540617172,4890087.48926159,15671.4802440665
0.968207803027008,0.160051547550153,16.6033334465967,6631483.5606727,17832.079592504,12.247694212006,4975394.95894182,16785.472039693,10.2549409736938,4860295.02461095,15636.1767833278
1.35097873609095,0.256041527095549,21.7311135791732,8734463.46538175,19196.5989622601,16.281029052902,6668329.15916075,17876.4195065287,13.7251363884428,6557082.66401268,16745.8957364059
0.904396700588063,0.193646895141513,15.6833142510484,6337748.74393955,17652.7545810138,11.5382091071595,4764577.36149196,16662.0369041087,9.65081587186029,4665901.40859192,15521.9727328185
0.967264836972726,0.26087981315244,16.5900633826521,6793309.06991833,17956.9038022544,12.2376221336384,5147091.52935167,16917.7222855416,10.2465386815299,5062098.91903991,15789.705158311
0.67217614656156,0.100263276189834,12.1596265346967,4837739.091358,16684.5920689387,8.85787222883714,3577629.37006317,15903.2634070874,7.38477508855283,3480551.46693419,14757.1664849781
1.11574660701093,0.32006008460536,18.6568702355328,7671428.62861422,18528.9562280088,13.846974751025,5856842.20852778,17377.5209133878,11.6239726080277,5777185.42903178,16259.2805846162
0.705660904687592,0.192985035082356,12.685651261546,5198936.02302756,16933.6336865354,9.254508192868,3896002.6371554,16124.1586585465,7.71868821424156,3821559.01001663,14994.879304557
1.08388096553124,0.1447228644481,18.2216686928156,7222532.23185509,18205.7572424027,13.5060206178215,5427453.85612839,17065.8227901132,11.3311159081782,5297842.27869123,15910.8637227888
0.632396117221611,0.348421375218006,11.5278468938059,5032247.30306897,16867.9229885084,8.38375515576675,3847345.64683863,16138.2445689903,6.98735354247728,3829494.57963157,15047.1706935055
1.17478446926186,0.22985643470725,19.4506359848664,7827130.79792948,18609.8777487143,14.470633512845,5938901.90124972,17408.3399436856,12.160184200949,5828404.75099918,16270.7320106559
1.25007392622773,0.2792205376158,20.4410845814903,8281285.72438687,18910.5999571192,15.2536475362879,6318529.73914558,17659.7049048669,12.8356244843198,6218550.28634734,16532.7848501169
0.83585974477274,0.206411333881529,14.6726286455949,5975729.1694216,17426.2561571481,10.7635194827462,4493047.40527062,16496.3430375263,8.99327099483132,4405825.42620995,15361.9727662911
1.21787824736632,0.250076229982539,20.0205097856538,8075651.4779351,18773.0489933836,14.9205237058351,6143456.41990142,17542.2973323786,12.5479874934285,6036472.0631524,16409.0219415475
1.12454241292205,0.186675334672927,18.7759581979457,7501413.81662261,18392.6972512381,13.9401325613583,5664234.50283888,17224.9320391941,11.703814697106,5544160.31764467,16078.4170828576
1.0708525855712,0.0540614995829767,18.0423695199361,7006763.75311126,18048.9755389393,13.3657934293548,5218294.97477202,16912.6839798731,11.2107562972467,5062660.6542347,15738.7552771813
1.06981362261614,0.135280656054315,18.0281638231844,7133438.7863968,18146.8712189328,13.3548466385762,5353711.44123623,17017.143617536,11.2014969806778,5222377.37203642,15860.387985988
1.03190290398908,0.173410534675975,17.5022389185768,6995400.61096904,18066.7999784011,12.9450449982635,5263574.18830677,16969.5095756728,10.8506528941415,5146710.58663713,15821.4698631743
1.04543794081729,0.0832686038267459,17.6906535513608,6919838.0316334,17999.5456855137,13.0915588671565,5163827.19834438,16885.2754772932,10.9758931642318,5018960.24827899,15717.9448816986
1.16292676146773,0.273099938914258,19.2924694826958,7836339.11233436,18624.6071074063,14.3461441769068,5965229.69840557,17434.9267892614,12.0530643655152,5868386.57193057,16306.4942896326
1.05028046538328,0.0970362161080257,17.7579282580738,6968016.65881758,18033.2056476589,13.1439994853732,5207562.67454905,16916.0723054767,11.0208136058035,5066399.53717992,15751.5605590819
1.39829383536077,0.15783630362692,22.3217537275689,8807479.67050493,19224.4968892089,16.7542276096257,6685231.46194744,17865.8163475045,14.13605715476,6543089.12919944,16715.4321654462
1.35736669038137,0.168089074165837,21.8113223497396,8628446.75860793,19111.409984125,16.3450824180049,6546583.41451368,17779.8100690789,13.7806587956749,6408819.15259335,16630.7478224628
0.743869610662691,0.211174515082623,13.278124243232,5455071.53935387,17098.918510321,9.70258000831525,4098857.9169831,16253.8527664673,8.09632823620797,4024583.24954967,15125.7468806253
1.07255797716934,0.228411638249085,18.0661149276621,7299326.28148322,18272.2989423311,13.3846418159585,5525073.44077401,17147.0496445195,11.2271746733095,5421294.49898684,16009.9277486387
1.20374411261741,0.274228280400111,19.8345150686777,8043502.98403215,18757.3533563596,14.7735527267916,6128676.78022946,17538.4471839627,12.4212522989148,6029701.56847313,16410.2441413228
1.34449488910257,0.278132763654444,21.6494859337762,8737809.41493326,19203.0622660399,16.2157892511417,6680362.20636427,17888.9122688911,13.668553461588,6575954.02954214,16762.9576439217
0.617402173311646,0.195094796697373,11.2865281073173,4671581.22021496,16604.4426032022,8.20267295708169,3499897.07102846,15882.7680540038,6.83505913419879,3439072.62241862,14761.0757792402
1.18092688408423,0.0613808841864407,19.5321670165141,7589049.64069328,18423.2364254455,14.5346224176562,5677478.89867722,17204.4951724807,12.2150977325595,5516302.72894852,16031.2208735016
0.810304696607359,0.318219201903983,14.2899410884349,6020709.68935583,17480.3793476169,10.4716815442116,4580825.31555659,16579.9394711861,8.74639867024365,4529841.26402909,15470.3442792128
1.3358974748222,0.0847474229712041,21.5408224441026,8395449.93933517,18945.5098007737,16.1286963436824,6325619.37291723,17621.0900153707,13.5928731408001,6163727.18467505,16453.9728350698
1.26562339782643,0.181787714933124,20.6425396310547,8204192.99670269,18841.7587048943,15.4133759384381,6215374.35067112,17572.4798329743,12.9735799644864,6085518.30179815,16425.0425445544
0.653460653400452,0.168933175836352,11.8633145193768,4844777.64750171,16705.9353503944,8.63520881505246,3616980.63888994,15946.6200304403,7.19789659428583,3542960.18138373,14816.3681300114
0.944103095893979,0.348806573998632,16.2584623649396,6813924.78170657,17989.2566677205,11.981592574877,5203768.12246402,16974.9401160202,10.0284773104935,5147188.45654981,15866.1483779548
0.721868095083407,0.0806903138233503,12.9375630750336,5100600.42655581,16844.8786077784,9.44459558284526,3766577.74984411,16013.8868437454,7.87848936403363,3656643.86927476,14859.9739434819
1.06139480660503,0.176150789372789,17.9119916807675,7155728.58015219,18169.6720954423,13.2642621824826,5389553.77359455,17049.381596299,11.1239403828258,5271074.76642102,15901.3895636236
1.27532860791684,0.292116852823204,20.7679174664934,8425452.68851029,19005.5365936558,15.5131408291455,6438211.30101839,17738.4107873724,13.0599515278299,6340860.16264671,16614.4492594213
1.2206543736193,0.0891473287188149,20.056785385594,7834097.94744967,18585.9362448921,14.948969980135,5882669.66769126,17340.7683494341,12.5723620600083,5727466.64382508,16173.4209564563
1.01586570734237,0.294178133188657,17.2779197614198,7108322.10438866,18164.5088798075,12.7708734715499,5406376.89455743,17088.2576694365,10.701908511487,5326877.9005277,15966.0391096654
1.20840597418701,0.341331617965432,19.8960334423397,8173489.99699496,18854.1326335282,14.8222604481014,6260484.46748885,17637.0886438824,12.4633263357714,6181283.57527775,16523.1062839111
1.07120510869737,0.0706293322184227,18.0472514546448,7035576.04828403,18070.8442965918,13.3696343238833,5248235.21407268,16935.4523719669,11.2140734189082,5097513.35727189,15765.01826968
1.24102963050654,0.283222901316013,20.3233941061792,8243011.05180727,18886.8889858108,15.1603545865007,6290012.6842989,17642.5539349436,12.7550423281163,6191690.6164794,16516.4184278286
1.1324935415347,0.0657965521143573,18.8833180376877,7347670.19612671,18269.4986967012,14.0241802299129,5489966.77455489,17086.8906060147,11.7758818946494,5333269.52832201,15914.7529630347
1.23278494894242,0.0881780709793956,20.2156150250571,7893343.67948912,18623.7464206798,15.074681143446,5929009.65745735,17369.9306963414,12.6808671799368,5772857.83160545,16202.4301778824
1.15890545082161,0.167347847678762,19.2385516249118,7646424.94124301,18481.4904856144,14.3035398228706,5769335.5291612,17286.8255217106,12.0162696728065,5641182.31526022,16136.0288452783
1.29300784286485,0.239948138784281,20.995079111875,8429721.51463993,18997.920914007,15.6937401313382,6419155.61948533,17714.6886477734,13.216166327853,6305413.29241209,16579.8680929103
0.60450720456248,0.330521147583693,11.0789401923269,4831623.69018186,16738.6003114244,8.04755958972914,3687855.09519661,16036.2476889197,6.70545570913769,3668988.11708844,14943.9040029895
0.603631988303773,0.0953556940114704,11.0639045009621,4411130.94247631,16416.8947013259,8.03592054130547,3254568.12035115,15704.8039543076,6.69502621673169,3166465.42877699,14563.6177723746
1.30062387631612,0.101799265815497,21.0924461845763,8250370.45780784,18855.618873515,15.7710705158456,6217569.54289637,17556.131922056,13.2829954814895,6062209.59719598,16392.1187478957
0.854485584511061,0.307964507183553,14.9498859068119,6252248.39389384,17624.2707682982,10.9757555884656,4752895.94662629,16683.9012700665,9.17342886601719,4693679.40826852,15569.9751777763
1.134208822322,0.347244237705677,18.9068201898737,7809592.09357788,18622.806946874,14.0431019217604,5977137.50547409,17459.6674543233,11.7925144660427,5904312.02886778,16347.0438673395
0.767633013262941,0.327105540292962,13.6429428409404,5791994.35147025,17338.3602583889,9.97948903662858,4410946.47249603,16477.3989757045,8.33033438091424,4367919.16461189,15372.0784169122
0.689570393603087,0.0836331295590233,12.4334439916877,4913277.30476771,16727.9000586034,9.06406003881464,3626402.77646042,15928.5420812335,7.5581122449819,3521886.42191299,14777.6151668873
0.761873497732831,0.121186756233889,13.5543002802846,5405459.67888628,17046.4331125165,9.91179905740378,4017495.57642311,16179.5021955786,8.27265437924736,3914179.57489338,15031.4025645113
1.00450609751451,0.313792942062597,17.118195937429,7080221.98877003,18150.8422909904,12.646890263378,5393559.48228833,17084.9917499534,10.5959871036228,5320901.86277601,15967.1660484837
0.883145622484408,0.0914749870839193,15.3722265949644,6048104.89956014,17446.2250076214,11.2990247621723,4494024.16102321,16467.5622045349,9.4473319128078,4367271.12034682,15306.8674504632
1.18328200778239,0.289854501697913,19.5637056303803,7965839.32048467,18710.8447817946,14.5598529465667,6074399.85547545,17507.7250121797,12.2370974608065,5981295.99199845,16382.8094383721
1.18474978278979,0.305760666144464,19.5832100226734,7998607.36565505,18735.046303348,14.5752585425985,6107174.80809629,17532.0818635918,12.250387189277,6018731.6501862,16410.5331109185
1.36695030857784,0.184207065792551,21.9314563478468,8699269.97710299,19160.0353848583,16.4412781239766,6609883.73534542,17823.5789987126,13.8641767840886,6476609.38453662,16678.1208905524
1.08005426964728,0.338106136747621,18.1693933371407,7516636.34539853,18433.9866979754,13.4655060105769,5744011.85549702,17310.7906722904,11.2966600735692,5672365.70183028,16196.7424652873
0.803440770853557,0.272848566679372,14.1863891076347,5904425.09830154,17396.4942881787,10.3926811864127,4470382.08972045,16499.6592777139,8.67944402918222,4406772.343531,15380.9146601977
0.625366537670916,0.136936787854496,11.4143686835757,4617923.05223766,16556.2931654397,8.29832751353865,3430512.80540992,15823.8085989434,6.91509626379509,3351294.21333704,14689.2966208668
1.14565388048117,0.286192338749504,19.0609120568933,7769660.88095643,18584.677550388,14.1640425693522,5918702.53953937,17408.5990412276,11.8964148297878,5826889.18549411,16283.0005883393
1.34766573636814,0.059274136533162,21.6892748408074,8412748.26160816,18951.6959502324,16.2473090382309,6328580.47651905,17617.4288172844,13.6957367136776,6158634.66198348,16445.1083477304
1.07787670644556,0.252185844505101,18.1393436297491,7365728.1398846,18319.6633830679,13.4418776454812,5587577.04676778,17192.0112846373,11.2762744328086,5490475.03851438,16059.8382191293
0.874096732414214,0.201298022762609,15.2394127209422,6182109.74785417,17555.7602988636,11.197355177742,4648655.42713067,16591.7466733187,9.36123321486652,4555542.9997046,15454.5306723266
0.85363659362705,0.189606327484638,14.9370225227833,6047648.5473894,17467.9517624778,10.9656747799271,4540081.0608594,16521.2227097713,9.16461148287318,4445804.34759418,15382.4690106226
1.13669722944492,0.0699516902460266,18.9400497889613,7376071.13694171,18288.5324890132,14.0687317062593,5514069.27605604,17103.0812881392,11.814184503823,5358323.07413299,15931.7933898574
0.740778791175342,0.0835823362437601,13.230120113684,5217249.94529381,16918.9854734304,9.66596968582841,3856374.36013716,16069.9946780835,8.0651163009918,3744717.62344994,14915.3891590833
1.36237510228423,0.197562895829943,21.8741651544979,8698131.59132084,19161.892977311,16.3954210115478,6614617.10988551,17829.4977881221,13.8243738621571,6485490.53306023,16686.7835162584
1.26699972146539,0.0776307703887751,20.6602374140164,8046930.85896237,18720.2251033545,15.4272791029157,6045883.35973448,17441.7376522846,12.9855040231825,5884840.53405516,16272.2399457069
1.0817040689921,0.313217819222981,18.1920196926292,7484768.15341173,18408.4263738047,13.4831430264363,5707938.38462898,17282.1961196529,11.3117457380352,5628743.95828291,16162.868113029
0.791806610556743,0.0717660113569249,14.0099752730821,5494723.68540669,17091.2739795699,10.2579645723847,4061527.24088532,16193.657552417,8.56501213149191,3939713.09647702,15033.3966154763
0.909619669533167,0.137750939741765,15.7592582558362,6273153.98456493,17599.3729527148,11.5965126853032,4688697.82570769,16600.6609199316,9.70028000419192,4572847.78737942,15448.6347416838
1.27361769884122,0.314658158920381,20.745880522691,8452559.42815688,19027.3959037035,15.4956606824261,6469403.15836298,17763.2245200232,13.0448539671099,6378867.29598998,16644.02278176
1.30825888817532,0.24525764503135,21.1900470070966,8512110.44760675,19051.8116190395,15.8490318878293,6486833.86235636,17758.8057870719,13.3506296358045,6374022.27835261,16625.3087352199
1.17719091455232,0.283903082234899,19.4827298204548,7925677.46594235,18683.9447177421,14.4960104533191,6040196.16227609,17484.75311657,12.182101733768,5945686.47871979,16358.5812008201
1.32221632593425,0.208051372512456,21.3676087669766,8521508.201369,19050.5299834463,15.9905752375706,6478410.5005837,17745.2394317363,13.4732305976256,6353907.75037376,16604.0555427638
1.22774663630129,0.247657629283805,20.1498787712566,8120911.59545774,18801.5455019107,15.0228779181633,6178113.36794475,17563.6812101237,12.636311484997,6069868.37335535,16429.9362509369
0.611556722165101,0.1045245067561,11.1919810171065,4476155.54260866,16459.726150786,8.13174542218109,3307911.77746401,15739.8797872017,6.77534741377937,3221269.18991361,14599.8666334048
1.07381890133303,0.248731763180375,18.083508015403,7338956.10585205,18301.8553300727,13.3982597690638,5565141.29919868,17177.0769583193,11.2388778366925,5467323.48181465,16044.2300139696
1.29439769960013,0.172283164026505,21.0128299409873,8330392.97645994,18920.8438182465,15.7077741329358,6311304.9436036,17631.2344604567,13.2282560574056,6177280.52939753,16482.0866081895
0.612340945041789,0.138848109621836,11.2047587908233,4541479.161199,16509.130950222,8.14136630041411,3374115.0209809,15790.048897233,6.78350942510742,3297477.90722956,14657.1072627249
1.09636110961946,0.307002093625242,18.3927920075424,7550545.44550011,18449.0829480953,13.6401337577531,5756494.17728992,17311.2713379011,11.4463964301102,5674345.17587987,16190.4568119121
0.639330899056953,0.296953775976722,11.6385862480492,4983740.99166222,16824.6971190463,8.46672334634802,3785217.48819072,16085.6480946306,7.05682029034634,3751125.52294445,14983.2629453861
0.734235847639,0.324408184877153,13.1298337788502,5593981.36735846,17213.2608151801,9.59051129469217,4259346.20313173,16383.3613304868,8.00211840883067,4219898.1913762,15279.5841964779
1.13495494578062,0.0614688794482262,18.9165376926218,7353423.07107861,18272.2971524901,14.0502543588204,5492548.16269833,17087.5243603014,11.798289125109,5334389.89140046,15914.454089687
0.693776615690231,0.272335265390045,12.500025687928,5266214.02788459,16995.1021335913,9.11461183570343,3985850.70466048,16201.2094724814,7.60115951576311,3936554.6059144,15089.3797590671
1.15126590483649,0.222249585347043,19.1362196218209,7695552.91600261,18524.1544188026,14.2231375805088,5832208.35859069,17339.197559065,11.947161792061,5720940.05426155,16200.0465828197
0.99494439944166,0.322100597640566,16.9832666815169,7042974.01758409,18128.9420048763,12.542237932376,5368503.82720597,17071.3270032546,10.5066116037201,5299176.34561921,15955.4812439873
1.28452360897142,0.102415621885356,20.8860873477012,8172368.14082202,18805.6483369073,15.6068225974837,6155950.63082584,17517.124574205,13.140825666239,6001490.55523998,16353.0528036176
1.0786186076216,0.191219720314718,18.1494577907993,7270537.23618939,18246.1266790918,13.4496721571845,5485849.49559533,17113.5619433917,11.2828664064281,5370509.19995468,15968.4978532538
0.7879606908498,0.268254480004974,13.9521985523429,5808075.31511568,17334.6612210494,10.2143972387533,4394763.73034101,16451.6924231836,8.52866315114503,4331709.8767967,15332.847207533
0.894520846313425,0.296348408840317,15.5393466947473,6455199.49472006,17750.1227025837,11.4277545737568,4903073.70989918,16774.2915385514,9.55714094354945,4835985.70159161,15656.2190038688
0.645945867840834,0.323025066301253,11.7442317989795,5069267.22194631,16884.576827081,8.54605758656807,3862510.39467663,16140.1742734961,7.12347995945845,3835131.12037756,15042.6702361408
0.657554892736134,0.219805738689931,11.9285273046593,4958432.40328132,16789.6014017175,8.68430059460191,3727798.60316959,16028.6715258788,7.23926898191229,3668203.07115324,14908.6924844849
0.621135781853541,0.34434972445309,11.347143987082,4957040.59800208,16820.0895719634,8.24832517690946,3788842.35658888,16101.5283933795,6.87376099765771,3771496.19998196,15010.5788094513
1.18291082075813,0.130667256660495,19.5586020074819,7709783.18443261,18514.6035543377,14.5555751699005,5802936.2901657,17299.6743729179,12.2332277678022,5662325.61441288,16141.0637409931
1.31631807551837,0.0728724610525105,21.2925513773137,8281773.99472707,18870.140026616,15.9305148939681,6230140.77175681,17557.7669265325,13.421077558599,6065474.28383203,16387.8316163189
1.28341937216188,0.121806281398165,20.8719114672377,8197395.13503953,18825.5342252937,15.5955753942743,6184133.22405249,17539.3143595204,13.1311109794793,6035517.90537614,16379.3407374714
1.08558718211837,0.0965316036453444,18.2450092724392,7153243.89062284,18151.4490345877,13.5241819310487,5351692.01117437,17006.7534093071,11.3466211548089,5207577.26491399,15841.588758528
1.35552746720505,0.305366708391424,21.7883249097729,8832762.90178064,19269.3097134482,16.326860950949,6767567.13502277,17950.2721785823,13.7649424303513,6670904.48795086,16830.2959758763
1.32071527936294,0.280255767371234,21.3486041068486,8626982.66773034,19132.3832542946,15.9755112349365,6593071.76398271,17833.9689097592,13.4602331560366,6490209.86696976,16708.0734361384
1.09698396368471,0.117082325804929,18.4010478123386,7246134.7862187,18215.0980402222,13.6462657307286,5433458.72619571,17063.1263749521,11.4513871398734,5294612.90034302,15902.1642221585
1.28177048376322,0.22647360569425,20.8507992113794,8353739.16621572,18946.5271587075,15.5789355375306,6353108.4178289,17669.7979157573,13.1168070020725,6235844.86027236,16531.9917159879
1.11362490726631,0.285517319647768,18.6280072518254,7604747.71741128,18479.1965539904,13.8242939395161,5789237.90649561,17326.8310936954,11.6044476952938,5699425.95585181,16201.3056431693
0.610921333460301,0.268517309860738,11.1823335586555,4761370.7099294,16679.0292565815,8.12480475805419,3604056.99399673,15967.3265292226,6.770002505984,3565901.92678118,14861.4998779198
1.04909482107498,0.233670261011278,17.7416769020213,7184836.49961555,18200.3710805166,13.1315813540589,5438277.29660222,17093.719278391,11.0103970591944,5337941.66137934,15958.0797814986
1.37909148659987,0.0503658661769689,22.083020071396,8550095.76622624,19038.3276308146,16.5625513060614,6434376.98387421,17682.875846521,13.9694114093319,6260691.6655939,16509.2678622622
0.837978567925353,0.293287958840814,14.7044399255373,6134809.67908012,17546.6799921718,10.7880017313283,4656058.51068803,16620.0154661702,9.01421894843611,4594384.32768479,15503.7842026547
1.30397455474233,0.0510848901457777,21.1352167700488,8187361.8004553,18805.2162295966,15.8050702426562,6145820.02547171,17499.3728061604,13.3123949602192,5975159.65091158,16324.6504577806
0.704948420412562,0.0618670635329516,12.6741174770269,4967432.35802529,16756.6496925704,9.24555150728018,3656607.85694996,15941.1058555301,7.71079284082603,3543463.67770012,14784.4768900806
0.975094898534364,0.304224732531057,16.7017131037381,6907204.71052738,18038.7399014663,12.3240889016637,5255176.47773764,16996.0135205329,10.3203755311276,5182350.03962418,15876.912993629
0.771021277482233,0.134128683300029,13.6941347399122,5480881.87437077,17097.0200387258,10.0179808847123,4081081.545816,16222.2301824529,8.36235493253536,3980412.44964675,15076.2754114944
1.26461673747572,0.0585622715011514,20.6294121143791,8005086.30825663,18689.5939534099,15.4027715988484,6004518.92664517,17411.239980044,12.964296995267,5837894.3425279,16237.680606876
0.739075826582493,0.149208928942111,13.2040471274478,5320294.2987864,16999.4043688207,9.64635337875064,3966475.35180548,16155.5558847759,8.04874436287109,3874486.98392348,15014.7978354052
0.699808819192754,0.0703106438288545,12.5938275305639,4951393.27647496,16748.6064806594,9.18497850518314,3648634.15523813,15938.5213048899,7.65982562165812,3538715.56737855,14784.0379313556
1.03410097625731,0.183851508172312,17.5329335982345,7024160.92874904,18087.3555150219,12.9689469232783,5290679.76365824,16989.0439394741,10.8711194093449,5176741.69591824,15843.164515443
0.686504995902146,0.288050033825623,12.3859643774803,5250414.17258137,16989.0577880547,9.02866238349159,3981664.45779047,16203.0271549024,7.52889765041839,3938047.12402433,15095.0222551522
1.22082602094359,0.27572358742851,20.0592232434881,8131031.14674553,18813.6798365555,14.9511843188807,6198335.92632825,17582.8418673083,12.5744690141178,6098849.54842005,16455.0098872885
1.30473667827825,0.0577611580898808,21.1449534956844,8201546.48170638,18815.6356509281,15.8128371427151,6159942.27524762,17509.817638071,13.3191268649384,5991244.52527994,16336.5206009134
1.19569332025162,0.107189425676366,19.7279976636134,7737043.17448178,18527.3302034847,14.689180571589,5814071.50698204,17301.384422817,12.3483303038423,5665683.45480004,16137.8035596158
1.13103722983278,0.0501597512199248,18.8636281358684,7314956.00916338,18245.3538257086,14.0086977914432,5457377.13713138,17062.6880076175,11.7625540317958,5296114.46849752,15887.2539675975
0.77238521788121,0.332034618392654,13.71548584785,5827769.41328274,17362.0366479253,10.0345893920958,4440528.19296275,16496.9594473377,8.37688320142692,4398354.48481129,15392.3877162563
0.72649384655117,0.262281691366797,13.0098488839972,5441550.58666009,17102.6308001215,9.49960772349307,4113530.29607277,16276.7737546856,7.92532993458242,4056728.67280422,15160.519382888
1.30970014863376,0.254035161171704,21.2084291216469,8532819.85467706,19066.8248728404,15.8636949782969,6507038.7035199,17773.5714407235,13.3633372938462,6396790.17961789,16641.9554552655
0.721348452229783,0.18510116197267,12.9298148240307,5277980.48952672,16981.3643832889,9.43893982601993,3951939.07834826,16156.3590671764,7.87400208001328,3872988.39443054,15024.3171640875
1.06834424471592,0.235142852589444,18.0080440629428,7288247.63675765,18266.6442090474,13.3393178172408,5519476.88053432,17145.1256420704,11.1883403458534,5418035.34198728,16009.487045512
0.75136041978136,0.229007622094107,13.3933980839086,5529414.19776699,17149.9222055838,9.78997290680381,4163937.76639616,16298.7608751351,8.17010425851361,4093953.93633249,15173.9045699113
0.724393275637393,0.0512618756341508,12.9766500720241,5064719.21129682,16815.291922077,9.47409188530602,3725019.70309081,15980.3128435728,7.9032665478464,3606024.625212,14820.0679933955
1.15445136714966,0.337517557811956,19.1790817165721,7896708.12731897,18676.430621815,14.257034206817,6041130.00795723,17497.7380596361,11.9764660289321,5964059.62265938,16382.9616541538
1.11006557712153,0.281568702433286,18.5796109995301,7580055.5856044,18462.6091025325,13.7863649625336,5768159.7763453,17312.6267678119,11.5718739932969,5677424.56397721,16186.2984873438
1.31141519472355,0.14486129491502,21.2301967154018,8370412.27637067,18941.1471744873,15.8808951347019,6331334.52406394,17637.898800313,13.3781471686347,6188386.09939554,16483.1587220089
0.78063804728051,0.162652341519188,13.8407008202619,5585426.80473667,17169.6197672017,10.1294016994194,4174378.2699131,16287.4689684837,8.45656199444365,4080932.80091098,15146.9135673916
1.36984828956714,0.19412578149835,21.9677146727945,8728458.72868719,19180.7084120957,16.4703328975528,6637361.72440923,17843.2135190953,13.8894122072062,6506955.86903355,16699.9175229694
1.13316417611927,0.232105437212314,18.8925780308656,7618897.14433637,18477.1715971318,14.0317280332829,5776486.86697406,17306.3169333672,11.7825876290203,5669372.87716823,16169.3481953534
1.39040929643193,0.135737827434072,22.2239203941788,8735996.31544985,19174.2908486074,16.6756704694802,6618804.59712071,17818.7530832022,14.0677578384526,6470290.03534076,16663.5022361468
1.02965795751024,0.0824207137718944,17.4707401321165,6834412.01982464,17944.8264611593,12.9203751488441,5097028.61441335,16843.0450042032,10.8293985007726,4953240.15767195,15675.8456060349
0.863513994845125,0.207642276506293,15.0832979060937,6133565.64356487,17526.4338053491,11.0777152396101,4614439.79418374,16572.0794583199,9.25970050157188,4524397.45842568,15436.6635162488
1.20998395106777,0.102968203488482,19.9165677731427,7802411.5163065,18568.3848731803,14.838118818886,5863720.0391327,17331.8752552458,12.4767448051222,5713243.10122806,16167.4227927946
0.684480016438495,0.111988527936984,12.3535611060209,4932084.28696181,16746.5887386587,9.00391709699008,3654579.68346236,15953.6738995936,7.50760077444716,3559181.96081896,14809.0594573037
0.855433330062967,0.137506589488792,14.9635392031563,5969816.78544448,17406.8883138857,10.985867694455,4455767.64146436,16455.4367451689,9.18162108402227,4345809.03067742,15305.6530178821
0.713355985508901,0.220175981715057,12.8056815901567,5291519.31232104,16998.3046954865,9.34520055215543,3979358.76643906,16182.8125357012,7.79513047921331,3911892.25866038,15058.6654336183
1.22628809791775,0.115102993632998,20.1306535398293,7903506.18474343,18635.6382239867,15.0074593825141,5948757.3902005,17388.4974733684,12.6228662523453,5800998.12426555,16226.6697396777
1.10382388079111,0.319317033098706,18.4946637065252,7608962.89111843,18488.9344912008,13.7198958872769,5807662.90004107,17346.3822967864,11.5148651435112,5728640.19651031,16228.0934215367
1.16643169506028,0.308460696979804,19.3393393227082,7910696.67580826,18679.3939906973,14.3830988104257,6039258.98259429,17489.8247886794,12.0849148990108,5952749.8707469,16368.8664956752
1.34358440555781,0.310650835310962,21.6380315891199,8784037.40872069,19239.0864696929,16.2066766417095,6730981.94995368,17928.2063008759,13.6606730735479,6636327.4521429,16809.1327951215
1.14488394414273,0.22964641650887,19.0504913691768,7674879.61706629,18512.4536868061,14.1557595061607,5819273.83926928,17332.7444113261,11.8892195637534,5710635.02656879,16195.1879843812
0.74739363601269,0.197252997850336,13.332327364065,5451686.90895551,17093.4850356357,9.74362181176259,4089518.14086921,16244.3394589061,8.13091403808854,4010650.6070551,15113.0904139211
1.06398933007461,0.0783455283979939,17.9477047394506,7010064.91863043,18056.1507320303,13.291950238441,5231839.71402518,16926.9388240538,11.1475119481639,5083992.12782566,15758.2472758314
0.635313996434321,0.252600088518751,11.5742109087103,4881642.54958099,16749.8763976111,8.41835455143308,3686365.55269067,16012.7540360681,7.01610808795001,3639779.99027947,14901.468179908
1.32679911052276,0.180137467460777,21.4257245023761,8500103.00293249,19031.3246524608,16.0369170613204,6449489.10368263,17720.7264511248,13.5133745403164,6316461.53559513,16573.6937242873
1.38049452458745,0.300035388233909,22.10067453243,8942887.66750827,19338.9407602735,16.5770247185645,6853188.67898964,18003.4965274114,13.9821495385698,6754101.0047782,16882.8919575718
0.779761971976435,0.177255032658921,13.8274157929382,5605340.70895321,17185.5859629697,10.1193322514885,4196577.72005412,16305.0644211993,8.44808936415088,4107573.79513741,15167.621317733
1.32924771894679,0.349656492205868,21.4568817173683,8776234.77804318,19241.7493621105,16.0620199516746,6741353.23703982,17943.4027537031,13.5352662880473,6658898.61004708,16832.3587502992
1.34080781667794,0.276764767963032,21.6029823419885,8718037.68319026,19190.1085647928,16.1786190659855,6664035.3831395,17878.2440899978,13.6363122024837,6559354.36998371,16751.9348273788
1.1106611690466,0.112539892926842,18.5874927818007,7309958.79355241,18254.971312057,13.7922514539186,5481309.23035468,17092.2541546137,11.5766945281117,5340103.39929548,15930.1858631705
1.29721416931471,0.262722709918193,21.0489656343702,8485881.88097946,19038.437955215,15.7366708329519,6473490.5183647,17754.216454803,13.2533484306977,6366369.89211676,16624.2760748939
0.847270293199316,0.141016347826975,14.8423929797047,5929632.19253805,17382.2264615049,10.8931739761511,4426672.37349285,16438.2439741646,9.10301976273531,4318698.0154014,15289.5839340924
0.649080501544967,0.209841061297839,11.7937718231495,4889919.21163147,16744.3208072679,8.58305045530632,3671285.23830204,15991.3586511455,7.15421602828807,3610003.49799876,14869.9995316055
1.39362656248703,0.158870532208564,22.2638798030512,8786967.87635872,19211.5082930034,16.7077683348095,6669263.04805984,17855.8727721522,14.0956707646738,6527567.7941218,16705.6022551106
1.34806286279772,0.219561041822749,21.6943917057815,8663818.7441325,19144.1351047546,16.2516135360969,6596575.8569471,17822.8357687767,13.6995882561993,6474529.29628857,16684.5211043809
1.02191753862096,0.249520092083608,17.3627107062141,7067136.87529755,18128.7224271808,12.8366804746703,5354004.08259171,17044.6014061387,10.7580952194795,5260674.91626413,15912.8299841222
1.35210617260323,0.33286320513594,21.7453480609785,8859184.52164263,19291.6369580769,16.2925160575299,6800270.64836001,17977.079285688,13.7351589457688,6711948.26197574,16862.8716917525
1.09405403267861,0.118516821481694,18.3609982883194,7233173.67782356,18207.109510944,13.6149310471154,5423978.88003141,17057.4837545767,11.4245018642002,5285780.08419041,15896.8591696658
0.99415157197531,0.24216252828928,16.9719220165514,6906995.90506135,18025.1706926031,12.5332920579327,5226437.00318446,16962.8186054867,10.4988305581846,5133372.17156149,15830.1335551533
1.08144046935929,0.206890419743615,18.1882518331179,7310725.25830827,18275.0646150503,13.4800122324453,5524260.89829874,17141.4469981246,11.308904164701,5413376.76232453,15999.6560343853
0.719360120195396,0.217119969418374,12.8990367029486,5321617.70627926,17016.464132202,9.41573629587373,4000638.35108864,16195.0459786247,7.85453805293263,3931439.73437107,15069.8380987831
0.858533986065807,0.264694495402236,15.0097626471536,6201877.14378463,17582.579942726,11.0215089994138,4693801.22597172,16636.0495762868,9.21214082663404,4621271.46420527,15512.8475111694
1.14968365427227,0.118722231626772,19.1148573960424,7521262.72200805,18391.4502527741,14.2061709127744,5649570.84188214,17199.951724841,11.9324368023498,5507506.44699618,16038.9058353741
0.789309144199635,0.11791264067854,13.9722473293899,5559071.86435217,17142.5914281977,10.2293503296608,4132749.54101107,16249.8956642918,8.54093263544267,4024937.3226978,15099.4544093985
0.651765180581189,0.183741144363558,11.8364048366507,4860445.80865536,16719.4076485836,8.61502179318327,3636131.21296192,15962.5032928433,7.1809867020943,3566738.34612706,14835.4794965008
0.98962526891586,0.267630041669827,16.907916936125,6924735.94922644,18041.954829338,12.4837246383784,5251884.62522133,16984.9770861493,10.4565521901216,5166817.027982,15857.776965793
0.903948969796995,0.325999154706171,15.6770638074118,6556807.85769844,17821.1409598351,11.5336624864627,4995092.28945282,16839.1059784219,9.64722645614017,4935819.1199727,15726.9070041135
0.908841577026921,0.322867717785484,15.7483174436792,6578437.35472768,17834.150588443,11.5884582742413,5010258.540551,16847.7602645817,9.69381324494571,4949540.95837696,15734.7190669524
1.12523303706824,0.104996348645791,18.7852049494207,7373291.4408514,18293.9340431658,13.9472489276398,5527498.05380194,17119.661092029,11.7098199838286,5383003.37761432,15955.8684364751
0.715767248415561,0.322466033397771,12.8435150001328,5482707.28997459,17142.9745669818,9.37398070047251,4174129.47348054,16330.5035563097,7.81964534563555,4136608.77644298,15227.5724131923
1.135896775299,0.114605156160286,18.9293087688196,7443799.67853869,18341.0257577715,14.0603713261381,5587006.41795439,17159.469812611,11.8070553925152,5444640.82022173,15997.6317601654
0.973371269545706,0.104111759982128,16.676820975978,6566955.10777885,17778.9132131953,12.3044446535404,4899662.78509731,16724.341374925,10.3032473272176,4767416.67477986,15563.106014294
0.831041382466456,0.162820614103317,14.6005704436294,5874545.08686837,17352.3106511621,10.7083858143755,4394927.12149987,16424.1484129688,8.94645544352644,4295332.13869929,15280.8665911064
1.15707156015403,0.147010872259828,19.2139708272532,7604458.53170611,18450.4799277786,14.2841668548839,5727390.27112737,17255.6411351033,11.9995741505094,5593285.25038311,16100.5482078484
1.371851860091,0.349239271555922,21.9928641460002,8978195.90716037,19371.173350858,16.4906813045804,6902111.30533809,18045.3329773212,13.9071877664435,6818011.26139282,16934.9864376789
0.688064091877108,0.171116821325672,12.4100765891094,5056355.31710223,16838.9046068006,9.04661317181348,3777532.70155185,16045.4494292796,7.54367557388364,3699108.06033924,14912.907621914
0.615915853324848,0.259297018845416,11.262826294229,4775582.83435616,16685.5157750949,8.18503739167833,3610090.79171034,15968.3099002943,6.82045991005599,3568443.02792217,14860.1154035679
0.618038073900923,0.235912629696569,11.2969143657855,4747337.92587631,16661.9834317855,8.21052014610433,3577183.3829646,15941.5437963515,6.84175473813962,3528307.29736875,14828.2919058116
1.31745383821597,0.178402509104563,21.3070780215121,8452159.23614855,19000.2040120161,15.9422461275289,6410626.4733219,17695.6560712523,13.431326953756,6277454.17169595,16548.1141216168
0.933161854627615,0.0929653002198742,16.1003386986612,6328471.52149796,17624.6981167103,11.8591204601864,4710370.04459591,16603.0585539596,9.92366709663759,4578759.44381212,15440.748069677
0.815714862156157,0.25089850528652,14.371126953078,5936955.75429247,17411.951912827,10.533449068809,4484675.19214394,16502.7389859312,8.79851727967601,4413058.95974864,15378.7334173676
0.800421122128749,0.234345196810454,14.1407066542395,5821575.69793842,17335.2862013565,10.3578090940172,4388736.87498721,16438.9974586637,8.64985076992532,4314075.37941947,15312.3425254436
1.3333852716174,0.0815015940427005,21.5090529940105,8378219.87704648,18933.8046387766,16.103316142706,6310525.14170405,17610.7795608337,13.5708629449345,6147759.07429213,16442.9332181471
1.37366530398562,0.12764134839273,22.0153662679324,8643719.17041904,19113.4034100159,16.5084253473556,6541686.30478461,17767.9067439393,13.9224481489206,6391278.89198063,16610.582634569
0.714448281667192,0.231131842871987,12.8227151688891,5316920.64703978,17016.8908912029,9.35808972224958,4003945.092256,16200.919244934,7.80601573379626,3939570.52365957,15078.9853772612
1.19299768258721,0.165364525748898,19.6923902156492,7816149.86828687,18589.7552680688,14.6611678991223,5901886.97438309,17370.189102585,12.3242517426182,5771029.950752,16218.9225754506
0.61292763574409,0.221619938997733,11.2145256781015,4690958.57680919,16623.252926569,8.14881715024338,3527729.55584385,15907.3601921323,6.78999218932244,3475425.44850858,14791.5921030129
0.629497426853274,0.29742995451486,11.4812193268631,4925160.54183965,16788.3187142609,8.34870868313897,3741441.64190443,16059.1539515857,6.95780983730003,3708973.20432249,14957.7067851615
1.00177537118989,0.100875114076319,17.0793452968766,6715227.412018,17872.7101154212,12.6163468426869,5012973.45569093,16794.651006359,10.5695219587466,4877134.8540031,15631.9772663735
0.667980692204655,0.326234587993147,12.0940775632159,5206759.18477063,16971.1880978607,8.80897148983538,3967611.44746672,16205.1688018875,7.34430614056343,3937945.07012288,15106.5580944878
0.637069516633417,0.0709255240977188,11.6016448129482,4573482.85641629,16512.0032513062,8.43860941708577,3364160.82147531,15764.5153196829,7.03258662448421,3263659.59229252,14615.2248907015
1.20894569433255,0.136340900621587,19.9029311311743,7850246.03983907,18605.7501248714,14.8273933018152,5916023.13585813,17372.5498996676,12.4675304318969,5775571.97279734,16215.1617824549
0.682231758805714,0.314155402419921,12.318855285354,5270473.54582485,17008.0277496978,8.97815155283694,4009681.31332226,16227.4712860429,7.48648952210351,3974393.32240977,15125.2400833329
0.802926966220401,0.317042097355458,14.1787507975108,5976782.18352831,17452.3999200392,10.3869505381361,4546760.98864757,16558.5614500019,8.67470327898622,4496325.93244493,15449.1143551142
0.697998556573162,0.0952013472420139,12.5655833760316,4983775.36368991,16774.9484898269,9.16371879955649,3685340.72456224,15967.9088965337,7.64200013672847,3583043.40996618,14818.7611492752
0.90044429084075,0.338786142135516,15.6259726331807,6558952.01688054,17825.3590755182,11.4944080936106,5002740.94890547,16847.109834823,9.61388188006622,4947639.82117792,15737.73460129
0.928575361422618,0.25542267595616,16.0344055722467,6573959.78262799,17816.3528968058,11.8086106949853,4975282.63916042,16808.9999882318,9.88098844605216,4892470.81063495,15681.0557021767
0.923382763793065,0.139750964301815,15.9590446308936,6352558.69916276,17650.2607290448,11.7503195032497,4750751.34843931,16639.9179534554,9.83114058307837,4634060.83747262,15487.8035364024
0.733597067132845,0.18115849255997,13.1195357320985,5343213.5740788,17021.4229855583,9.58243809610849,3999424.03552371,16184.4976663989,7.99493506303022,3917637.31849342,15050.7920303694
1.11357983452972,0.170267122855166,18.6272461143287,7418354.08138642,18336.207936007,13.8235011206976,5591907.44798689,17175.4830723126,11.6036086447002,5467713.89522311,16025.5915581606
1.16532026054908,0.184924993339536,19.3243544210638,7707247.73765622,18524.0025920194,14.3711007635831,5824870.07328303,17325.9606425722,12.0744376548698,5701552.93075397,16178.8633182724
0.845759633960743,0.16067246854661,14.819981355529,5954320.63201737,17402.3103083302,10.8760715167678,4454906.09513144,16460.8466446288,9.0885644105276,4352944.82862429,15316.3879250998
0.708544182593945,0.276127614596349,12.730891126939,5360035.17466274,17054.8228614047,9.28882240054458,4058618.12313376,16246.8626903873,7.74780398456791,4008377.94200835,15134.753016478
1.15205775872718,0.142879146591797,19.1467516211379,7572200.67286944,18428.9889656993,14.2312889236146,5700244.24860567,17237.5351754019,11.9540744355229,5565233.53130349,16081.5888807642
0.668024522001765,0.338496239821108,12.094811893294,5228416.24859993,16987.7619814244,8.80954651084293,3990003.6002935,16222.3040236102,7.34482352912205,3963955.36529221,15126.2483434713
0.647406146310809,0.168766738377182,11.7669632690568,4807867.29889259,16682.8299658492,8.56284670153697,3589127.05168989,15929.5711685871,7.13713800146825,3515961.65124942,14799.789140597
0.773170098365391,0.186073642026354,13.7270520801678,5582315.09603208,17173.1279002269,10.0430863440999,4183322.72010434,16299.2178750455,8.38369266157117,4097776.41839045,15164.016404849
1.11509461800433,0.0549897173972985,18.6476758234554,7240028.63188316,18198.3771742299,13.839317079041,5400876.41584572,17028.1069414921,11.6170335992265,5242180.85081771,15853.8287567133
0.934181735255813,0.0971469430148011,16.1150654653991,6341052.26978494,17633.6133886992,11.8704837920808,4722015.46915631,16611.3780920721,9.93335140882684,4591545.35654649,15449.9128623112
1.06699416521696,0.263742176366035,17.9894590443382,7327742.14024404,18297.8599597712,13.3248628481355,5563177.67406721,17179.4075681808,11.1759970695229,5470369.99768503,16049.830228108
0.665940394667558,0.215214919133587,12.0614246251883,5000797.49308172,16814.9472610235,8.78420604371752,3757428.40149695,16045.4743474887,7.32318607128237,3695243.29944551,14923.8613143384
1.25787674799404,0.0605812828094949,20.5421474668614,7974811.54834178,18670.5539892419,15.3335007531889,5981431.39147792,17397.0297331778,12.9044186086665,5815741.61846425,16223.8431497268
1.38429683101039,0.0986606762541574,22.147893004998,8649633.87426794,19111.6299207031,16.6146320863927,6534208.29973195,17756.880946721,14.014691425601,6374796.86888252,16593.6298609389
1.20319011965099,0.310794148042467,19.8272445639995,8098927.07662215,18800.235364474,14.7678668960958,6188360.17344556,17584.5273482707,12.4163901912856,6100336.47936856,16464.0653816811
1.25523208735313,0.152972450188398,20.5079381405303,8107454.06090095,18773.9880561098,15.3064913619976,6126357.32059677,17509.5885711906,12.8811638852473,5988402.20954354,16355.9583378021
1.1622936251969,0.295764473791111,19.2840304063245,7869446.81399011,18650.4215623286,14.3395387414312,6001250.0155789,17462.9010021925,12.0474071190473,5911212.85681155,16339.2660444869
0.706862940326858,0.30362745525286,12.704755280908,5397779.17148573,17085.1618742391,9.26914177011762,4100653.22764084,16280.2396058983,7.73130761230481,4058784.55665683,15173.9973554263
0.825150892335352,0.0943723515541651,14.5122764147672,5724893.64114798,17242.0169117461,10.6408333915052,4247922.65555057,16315.1573893765,8.88907277067218,4128711.23876772,15157.8084686067
0.755780206128332,0.223552117894022,13.4612262878483,5545740.6127946,17158.9057516065,9.84139298534895,4173683.17147414,16303.2984210561,8.21348398472211,4101501.84868953,15177.0195141563
0.91558933515314,0.304756376114245,15.8463667053412,6585170.43719925,17834.3882395348,11.6638741722726,5006959.95551909,16841.1359521579,9.75792123163901,4940154.35147537,15724.0358904417
0.744698738590465,0.206923091500814,13.2908801632474,5452594.91838092,17096.3506452154,9.71223548826275,4094910.54362767,16250.2722709871,8.10446176859152,4019266.02089959,15121.2224518797
1.32632056149121,0.243708846843541,21.4197063748075,8596952.48281778,19105.9380732062,16.0321999966867,6553609.32495245,17800.8494576377,13.5093353279058,6439601.62445691,16667.2905335218
1.2147373767415,0.234914839629331,19.979231371567,8035910.85241119,18744.54358615,14.8878587513182,6105493.26674497,17514.8342595291,12.519791123228,5994155.16930198,16378.3368966391
1.07462146223779,0.134546549283976,18.0943948437116,7157494.13992209,18162.0836507445,13.4065606947148,5372134.23075602,17028.5740745387,11.2458220556524,5240203.91416416,15871.5925217303
1.22687388026287,0.154297853230592,20.1383622367691,7968572.78164577,18685.1978618284,15.0136203237312,6017192.73631612,17440.6895225129,12.6282244768621,5881108.87578725,16287.1660891556
1.26152989067649,0.172038872435162,20.5895709536512,8168648.51734184,18817.0259528991,15.371305660204,6183025.89393206,17549.7876469528,12.9372013093697,6050456.0480555,16400.2486812252
1.2617685297512,0.272081583811826,20.5927504842769,8327521.05536831,18938.7923502453,15.3739763344925,6352015.05035235,17679.306958206,12.9396040030846,6249323.62198744,16550.9696279843
1.05569837326685,0.253007707676738,17.8332750429098,7251101.14864611,18246.7162530348,13.2030108376216,5498622.76402618,17136.2655333111,11.0715936465417,5403515.30692245,16004.5978069258
1.17170524817607,0.245379218595408,19.4096268273403,7836385.89165324,18618.9657875147,14.4383505291647,5953022.79970794,17420.8289267018,12.1324049272281,5847351.26795265,16286.5109758764
0.756586490417932,0.151381720543835,13.4733864307597,5426468.25978325,17066.7687960217,9.85047360348854,4048094.51699737,16206.4650148809,8.22096280375831,3954420.63170489,15065.0226152885
1.0513052541481,0.33459091228446,17.7725014666662,7361196.34644236,18334.1779562599,13.155783691414,5621304.45173729,17232.8597073367,11.0312790118994,5550873.24673822,16118.4929773493
0.942972659971746,0.245697353540053,16.2420067800978,6636368.95861678,17853.8475258089,11.9686941165255,5018867.70138021,16833.7972346509,10.0172885964198,4931716.60802658,15703.3234681122
0.996727226016532,0.327280853558688,17.0084691300644,7061013.75169114,18141.5352015396,12.5617908355886,5384859.77418795,17082.8351212374,10.5233189682968,5316914.63856185,15968.038545349
1.3721437464871,0.165857277975521,21.9963859889237,8695623.42542616,19154.1423233868,16.493266225318,6599231.22080179,17812.8143709934,13.9093084954454,6460298.58994684,16663.5673239049
0.864190034659939,0.301908392287668,15.0935027967053,6296233.10759733,17650.7184660351,11.0857201554732,4783719.41613213,16701.4827139309,9.26670294537739,4721607.85555772,15585.8477123859
1.12877711607523,0.263965614683899,18.8333478449722,7647737.18190386,18502.1832227843,13.9852912184737,5813266.30819741,17336.9328892183,11.7427207187839,5715961.09265166,16206.7316166514
0.650544781562168,0.167178590979778,11.8169312908229,4824080.4767012,16692.5644242251,8.60036582968595,3600534.05177674,15936.0825504241,7.16863386327818,3526429.93850705,14805.7069242916
1.0366835080747,0.196779390508078,17.5689690405387,7059005.82284664,18112.3172787622,12.9970148906642,5323648.49572644,17012.8575112474,10.8951567795954,5213345.84657923,15869.6568162337
0.662793822285158,0.237398590683438,12.0116715127854,5020651.99217687,16832.852792023,8.74683266411028,3783380.5301425,16067.5831873383,7.29184697507123,3728213.07704549,14950.8500952687
1.18739778485952,0.255144481918562,19.6182880050098,7931131.9594236,18681.5715019625,14.6028440918879,6031827.2421083,17472.8630373117,12.2740951180206,5928111.92049529,16340.6001755933
0.815096599921018,0.109933407572943,14.361481647891,5693808.56023992,17225.9036968573,10.5258122811954,4231630.69900745,16309.0837649576,8.79171592145891,4118254.28116975,15155.5312527522
0.834756244204002,0.0769282553992792,14.6558473219995,5750126.48293196,17254.0283759953,10.7504396821902,4258880.98220787,16317.461683777,8.98188673003581,4133343.91281857,15155.9584882826
1.39561185388314,0.341056316721708,22.2886251008543,9077417.92239438,19433.243540595,16.7278601041944,6977935.47927919,18091.7104316149,14.1132497601915,6890651.22606482,16980.1454080811
1.26988738669552,0.150526515484095,20.6976029791434,8175971.65481389,18817.4575660153,15.4570651610135,6179531.94625934,17542.7730161561,13.0113270445578,6040130.82600378,16388.7499577595
1.12607436068115,0.175009684648546,18.796679327303,7490497.14783745,18383.3116882594,13.9563691042291,5650485.350638,17213.5440488674,11.7177499063875,5526823.28367178,16064.5504457335
0.710530819098068,0.342310504164138,12.7620619750202,5486344.4905597,17150.0703628631,9.31248815468365,4186606.70639801,16343.6350593127,7.76791003383849,4155679.26122352,15245.2184306346
1.08591286522932,0.131429703867921,18.2495238118816,7211582.16488446,18195.9922661074,13.5277722378054,5412925.84576246,17053.5433206958,11.3497515487296,5279194.40551865,15895.7487976407
0.619175529857868,0.180809344727838,11.3150192209949,4657268.39815122,16591.9040513283,8.22398286999123,3482001.87310479,15867.7627293252,6.85288326990214,3416687.34169217,14742.9375537687
0.778606506746161,0.197977872934783,13.8098920490699,5634118.20985949,17208.5720839374,10.106054185377,4228475.36782385,16330.279561916,8.43692129700452,4145763.19876892,15197.2478577115
0.728525389331633,0.238710102921162,13.0412456239621,5412761.44706137,17078.8928302042,9.52331093238167,4080209.52808833,16249.8546530941,7.94524477076672,4016152.58501673,15128.5317681524
1.10026015205138,0.17596375573178,18.4458649087939,7358532.21244941,18299.1545070601,13.6814445355559,5547689.08864648,17148.9327078015,11.4816606670875,5426164.19507816,16000.3791943414
0.795018778500549,0.275073019004966,14.0591445142311,5860128.01372764,17369.0703828021,10.2957902246379,4437690.61487187,16480.0301715558,8.59749720165697,4375779.37322931,15362.2161756926
1.09770469892857,0.180667201150872,18.4109793078303,7352873.3614661,18296.5160179723,13.6541478614426,5545377.70426793,17148.5784291929,11.4582416585713,5425444.96204953,16001.0472823157
0.955175856836063,0.302011693796198,16.4173011607806,6796146.48714507,17967.6874655061,12.1041548331453,5168325.38744444,16941.164268873,10.1328228051994,5096737.28695264,15822.1715144072
0.913963031633107,0.328900054217392,15.8227962505321,6616597.88394504,17859.6850237487,11.6457790173008,5042443.0181459,16869.3359427575,9.74257791869335,4982986.53353472,15757.3763469311
1.29618884037068,0.145196908203726,21.0357444185064,8296681.59143622,18893.875173021,15.7259784321272,6272933.27006916,17600.8778666727,13.2439918289025,6130735.68445343,16446.0097839396
0.953658797397864,0.251569375756087,16.3954677064745,6704224.68575456,17898.2481233091,12.0871912626127,5073961.26746988,16869.6875362066,10.1182680623356,4987506.99033949,15740.1132891716
0.60013580632407,0.19006643545668,11.0076561865274,4556836.41932561,16531.7571379546,7.99402290366588,3411356.74277278,15827.5440120007,6.66020179307301,3351742.30845719,14706.3858953744
0.878815819158845,0.0797975871855085,15.3085851092225,6004197.59495764,17415.7576425511,11.2501689597369,4454822.54341054,16440.1696851133,9.40581261832021,4325077.92681622,15277.2052066382
0.972269602541145,0.348170288268707,16.6615677903606,6964715.40476244,18084.8619052484,12.2931044670274,5319939.46728932,17047.3498382338,10.2940239399656,5260462.12308483,15937.5903624175
0.826263106692706,0.14179884730205,14.5290466779868,5811710.98374553,17307.7648757833,10.6537298255648,4336887.03602599,16382.6743246937,8.90010742801304,4231620.74781736,15235.2231038102
0.958744710018929,0.300447624699237,16.4683956962825,6812847.59286726,17977.9544231791,12.1436326441034,5180498.76581496,16948.3845677809,10.1664712396304,5108100.34485075,15828.9551020817
1.01299897141807,0.267453461404327,17.2376170528033,7049202.81137872,18121.1380055938,12.7395184270348,5348280.57636844,17045.3487054301,10.6750615919298,5261069.36206167,15917.554226832
1.19169371598928,0.187774702620833,19.6751486231924,7845303.7244289,18612.9604778269,14.6475972405,5934677.18554918,17396.0398400882,12.3125817607939,5810589.29918967,16249.5168612514
1.11176542177351,0.219373010719657,18.6026478827662,7488310.31326901,18391.0868302286,13.8043085534578,5668584.8965156,17235.3039176451,11.5871951127234,5559172.11231409,16095.8110378306
1.32733363352632,0.25672017677419,21.4325585166378,8622125.23451895,19124.642301903,16.0424764107059,6579175.69555231,17819.9504162876,13.518253067677,6469017.27552974,16689.1667396831
1.01693409537303,0.221028475381046,17.292795586894,6993893.56663354,18075.9744582207,12.7822956495834,5284131.6380044,16993.8738806685,10.7115488031684,5182744.81195582,15856.1970970634
1.36402933714155,0.21469966778361,21.8949045827284,8732599.63407671,19187.3568851546,16.4120479182173,6649351.73250322,17855.319049533,13.8388199909207,6525291.71449098,16716.2724148456
1.19738912161205,0.214197991774828,19.7505338992756,7916077.24251659,18663.6265815623,14.7071394305322,6001994.59424759,17444.6444291752,12.3639303199476,5885461.03577545,16303.7204334189
0.801331043622097,0.199924455173615,14.1543579634933,5768124.33018122,17293.5748790779,10.368137478354,4331462.04211682,16394.4891778874,8.65850379234822,4246476.52147359,15260.5647750825
0.8923797047006,0.316341999515908,15.5080661191476,6476905.49618321,17768.3545450406,11.4037644962625,4929149.52398796,16795.602542828,9.53679731039065,4868234.87913919,15681.8202793996
0.742275336359175,0.170857406981302,13.253444745902,5376336.08401806,17039.8081574103,9.68380623464103,4019515.55800032,16194.0822209092,8.08038794275007,3933510.4989965,15057.6426676335
0.88864453612236,0.145999288489221,15.4530018146956,6170391.79827175,17535.9655850928,11.3611401990679,4613589.43224019,16555.8769877117,9.50021697228535,4502440.64675753,15406.4182528866
0.648468283491517,0.0545724489455771,11.7834842755243,4614332.11718506,16533.4773335368,8.57504584118752,3386727.69919459,15773.6640368837,7.14705719678787,3279668.15574625,14619.9863973882
0.925494617024411,0.0671121052480579,15.9894729949957,6243063.91311825,17564.7244605689,11.7736202573665,4632504.87101864,16547.9512329238,9.85082598658419,4493988.47420426,15380.4684208751
1.37056467296803,0.256223357455398,21.9767134614129,8828049.71385705,19256.7116405223,16.4776220638679,6743040.9540601,17923.9343443736,13.8957841590827,6631175.67189057,16793.8272795087
1.05288953569552,0.246539024200949,17.7943408950562,7225799.37859222,18229.2143016795,13.1726474603161,5475994.16094292,17120.498462038,11.0455806319257,5379185.53680635,15987.5114130146
1.18901579968921,0.320906727766749,19.6398113163247,8044171.18408715,18767.2732229355,14.6199268130275,6149684.49351169,17562.4108569215,12.288889287124,6065508.51578314,16444.069667457
0.781645669484871,0.0870081280481425,13.8558167873117,5461900.40964739,17074.0687083338,10.1407427965674,4043883.17146765,16186.7447338589,8.46595750253783,3927878.65222848,15030.275280785
1.0580249356224,0.0574351214753226,17.8652012163338,6944442.46092354,18009.8472984203,13.2275556813745,5171263.5239489,16883.840832016,11.0923120233515,5017662.22079886,15710.8313982799
1.31514928455384,0.151869854207368,21.2777443247354,8399521.37781097,18961.2113107855,15.9188154118134,6357459.94671806,17656.039815181,13.4110043779011,6216451.83390629,16502.8384783247
1.21843147483253,0.311993833396763,20.0278355184074,8176701.30976831,18850.2394417565,14.9264126529493,6250193.05731094,17623.8882499929,12.5531338442281,6161671.15671757,16503.7279761158
1.14169768793121,0.145596302601648,19.0075174746571,7523475.06752131,18398.3621031739,14.121852841577,5663233.59043102,17214.7787443301,11.8599549668807,5529723.23374119,16059.4601074829
1.25876175922263,0.158369605454093,20.5537058961497,8133425.59368819,18791.7190203465,15.3428177410057,6149240.6712578,17525.3072964066,12.9125642906639,6012722.87067953,16372.8487407197
0.875947100014022,0.110604314433822,15.2664526830861,6039900.58274227,17445.2833255005,11.2179121183832,4496751.96970622,16474.101117777,9.37848851331588,4376481.82099474,15317.7381348202
1.25385292488398,0.325629306015931,20.490201562467,8373133.14339327,18978.7223077387,15.292674872321,6411274.1007381,17728.8853316609,12.8693901602548,6324970.21004959,16611.8277414112
1.29160578784695,0.319587122925459,20.9771743323169,8547818.74639742,19089.4087543081,15.6796025305056,6547037.63752578,17813.5170135072,13.2039984599735,6457156.10086421,16695.5616357198
1.22963325828724,0.0889286907873503,20.1744096238445,7878762.95940757,18614.5422782589,15.0420558885807,5917823.85643527,17363.0060840173,12.6527023235809,5762065.38393088,16195.64936823
1.04411867456077,0.298411681405006,17.6726390467299,7264423.03886568,18264.8323304183,13.0779157603873,5529587.4935136,17166.5882237782,10.9645583649739,5448958.70231056,16044.706060823
1.29918930409837,0.162151135888349,21.0741520522173,8337904.55619117,18923.6706813693,15.7565853372526,6312920.54780911,17630.0181236259,13.2705044499174,6175658.8077689,16478.7816259035
0.853572094957149,0.127285857860011,14.9359210725711,5942054.74406413,17386.9939424694,10.9647078643269,4429661.10404943,16436.5808583299,9.16365047262925,4316880.31096917,15284.7369635393
1.33040395198475,0.167769018605214,21.4713862642815,8498235.99818976,19027.7095543103,16.0733537080123,6442736.85905181,17713.720262748,13.5449512633567,6305871.55028602,16564.12149527
0.685561449428339,0.165087384214434,12.3707361199103,5030927.03122752,16821.4964765498,9.01695679822788,3755366.73720693,16030.1909879389,7.51871409765033,3675517.31099809,14896.5809264457
1.13971129595025,0.24465932997406,18.9808865925815,7672596.2695387,18514.0835905029,14.1010965030759,5824152.2986408,17339.3053718796,11.8422358492256,5720340.40472641,16204.9522169815
1.17109433463562,0.282676080951968,19.4015242582896,7892968.00873781,18662.7769979736,14.4320283020765,6013945.17639217,17467.8932299353,12.127006122374,5919446.35826251,16341.4694954364
0.913163791884507,0.236774285113966,15.8109955930641,6458261.51300981,17738.7948444722,11.6365168600882,4877483.58138823,16743.3015559807,9.7345100572457,4790711.09572532,15611.9820638061
1.27641247682286,0.12799720374712,20.7817414789762,8172662.10594836,18810.8794141393,15.5238914251687,6167195.83081206,17529.9346926663,13.0691018125394,6020754.69071291,16371.2002297273
1.02119107726421,0.309427019050121,17.3526286902669,7161563.87352847,18201.6729625622,12.8289541557148,5454671.44091717,17122.236136499,10.7515892848609,5379255.4360938,16003.1220714314
0.704533491406037,0.288332688141635,12.6683503492445,5357546.33411619,17056.2268298526,9.24163092816332,4062727.1433672,16252.7560803418,7.70810512667013,4016656.08659327,15143.4841480899
1.0089117210038,0.34421221910001,17.1802766321372,7153647.96302876,18204.1111449313,12.6951347489175,5464435.36475071,17136.8061170387,10.6372618947519,5400450.80675337,16025.2972831378
1.3632239788719,0.202216769141508,21.8848061547261,8709401.76627503,19170.0349886776,16.4039462841651,6625573.18637323,17837.4787172385,13.8317779803709,6497808.86728736,16695.768199799
1.26824634395327,0.0848686626387451,20.6763512410954,8064497.89488554,18732.9323203541,15.4400882646456,6062918.0802478,17454.1601159077,12.9965863977997,5903977.75087701,16286.2074189943
0.862963744610189,0.183379055563066,15.075109222606,6089578.29196886,17493.1013865849,11.0713941929755,4569245.66531211,16537.7619662547,9.25428277693715,4472056.89555186,15397.27171674
1.3233614827617,0.129178454629434,21.3820832562174,8403952.21535725,18959.6214633674,16.0020172679069,6351299.3501923,17647.1393786643,13.4830849304948,6203176.76997179,16489.2473035807
1.24373874594666,0.187078741856005,20.3585936649273,8104385.98134324,18778.815525458,15.1881077187665,6138716.85324395,17525.0681087703,12.7789170111502,6011533.77609195,16378.5819495083
0.962375929636886,0.283502571583432,16.5202919308867,6804377.80346205,17968.8702289963,12.1837138054057,5166109.84573874,16935.1981847518,10.2006109891989,5088318.56263664,15812.0906786281
1.33927512057263,0.163558303239867,21.5835512801395,8534478.99920114,19050.1655577561,16.1629400860005,6469793.32561239,17729.9947385953,13.6226293605676,6331330.63454784,16579.6487228477
1.15333808169458,0.108563490769571,19.1638857246771,7523685.94834338,18390.9295302837,14.2447072239265,5646969.287745,17195.9720334831,11.9655753192606,5501631.84950063,16032.759994667
0.700355000175444,0.27919868933285,12.6030310589477,5317044.28330957,17028.6213679362,9.19231980429777,4027627.37827599,16228.7111590531,7.6665723183492,3979436.9855307,15117.8326576125
0.678294513803502,0.20389433537236,12.2564919748682,5055046.59719258,16846.1034157512,8.93097939683136,3792721.27303723,16063.8825028808,7.44652043847926,3725393.73007019,14938.9344960733
0.796941719831558,0.225094852678912,14.0881004365331,5785888.18080998,17310.619747284,10.3177337287129,4357094.41478566,16416.9812614803,8.61593213001333,4280119.26420204,15288.5795292983
0.918154100761781,0.0520413242179032,15.8830791682895,6177251.79707464,17519.5692501028,11.6916442863537,4574786.36519498,16508.1171999255,9.78103142163314,4432549.31743174,15337.7307216371
1.12387049223172,0.0976145300483851,18.7667479346359,7354341.28662981,18280.2916290627,13.9327573365526,5509369.46961745,17106.5027286613,11.6973587144318,5362767.81808583,15941.1600704053
0.615155691375579,0.0732779474657118,11.2498971822478,4443242.33900549,16431.30197226,8.17503975657478,3267556.79181069,15706.3218317874,6.81154520636247,3171131.41411114,14559.4754933392
0.874946598422632,0.172716004399097,15.2518630301134,6138775.03296149,17521.8818662118,11.2068460658856,4601920.0818043,16555.377487558,9.3692285228442,4500219.44780145,15412.1159490314
1.38999773981121,0.150936429302766,22.2188176087831,8757507.82532114,19191.0431844506,16.6715951282384,6642381.81825011,17837.0458657899,14.0642256590635,6498423.75560188,16685.0110083379
1.33249427779216,0.24490243589065,21.4979035653491,8628528.80551668,19126.4342641791,16.0946328174869,6579239.36553216,17817.3868367976,13.5634590248545,6465348.57865217,16684.1800436109
1.05429512398758,0.267103259484165,17.813854440703,7266731.86210041,18259.6635303059,13.1878954844382,5517178.73379553,17151.2937105055,11.0586706942221,5426386.75737998,16022.6258458568
0.848456487797311,0.0651119367855267,14.8598408517962,5808058.25037841,17288.0634264664,10.9063696578254,4297569.00583851,16338.4884144399,9.11403550089462,4166913.26345013,15173.8269894264
1.19042430964776,0.177182507595997,19.6583222811847,7822011.4143794,18595.9002150486,14.6343036696692,5911691.42388871,17379.0844993032,12.3011138322825,5784516.33431155,16230.318683156
0.631944758956406,0.068950207109671,11.5196203642351,4538681.2183026,16489.7702197846,8.37709544665569,3337027.5321142,15747.4023518943,6.98097029690998,3236726.73063702,14598.148700541
1.29095162140083,0.0939501078338647,20.9685974095576,8190662.67526359,18815.7320104629,15.6724567304598,6166821.09627786,17522.1581518156,13.1976185237932,6009540.93791732,16356.364014752
0.941341210708622,0.282107265192965,16.2186006514251,6688032.10231216,17894.6565149746,11.9507029619356,5075647.4373203,16878.3219588562,10.0020346647375,4999492.85981789,15755.5699297235
1.39937254012192,0.109009140741768,22.3350865064562,8737308.29984733,19170.0077977642,16.7648725260482,6608640.19033282,17806.5210384004,14.1452816399752,6451867.87595673,16645.7999163474
1.10852710837619,0.336094591687031,18.5587481885602,7660282.31928113,18525.186909394,13.7701143113769,5855296.0889091,17380.319293041,11.5579974949807,5780938.39314256,16265.5322593942
0.932315091524523,0.0668825864640356,16.0880635403846,6280360.60356634,17588.3994955,11.8496058054665,4661134.95031968,16565.8045453331,9.9155137416581,4521850.50104793,15398.0312438063
1.03092098638163,0.195246861970606,17.4885612028803,7025950.81129126,18090.9150031839,12.9344440190383,5297260.71596045,16995.9111207122,10.8416197862188,5186988.09613874,15852.5001944037
1.24648527442425,0.074790782098048,20.3942350352278,7940559.73493953,18651.3815688998,15.2161943666239,5960498.54086178,17386.9099528848,12.8030681723374,5799629.6406866,16216.6524662974
1.26372627624368,0.0597797906348418,20.6178948103587,8002588.38236643,18688.2302931304,15.3936282547604,6003067.5673528,17410.5886642218,12.9563932924708,5836850.16962232,16237.2797329531
1.26559953098062,0.257953806803087,20.6422990790041,8324059.3243041,18933.7561791105,15.4132960567189,6343169.73015449,17670.5330728728,12.9735817774557,6236071.84553798,16539.236368689
1.28883856963109,0.117711541743671,20.9415107744178,8217575.53100498,18837.6837856772,15.650936062889,6198374.98348042,17547.451548334,13.1790133455629,6048290.20130335,16386.6700855938
0.986381739347377,0.27693655159752,16.8619762468037,6922706.50918481,18042.6762147497,12.4481426995107,5254595.34191208,16988.9511066232,10.4261926757202,5172596.52217784,15863.7967542952
0.992325526368578,0.093400328177481,16.945840123606,6651953.32019484,17830.7742126463,12.5127925969093,4960513.00881611,16759.9103795515,10.4810609903893,4823307.8317499,15595.8989539265
0.61989660276027,0.099451210123931,11.3263240798219,4518471.38591662,16484.82015447,8.23230863794823,3337108.88431882,15756.1811613811,6.8596303391685,3247670.26980507,14614.3529511115
0.890225908387247,0.248050918528573,15.4763881197965,6350432.17741144,17672.9183259619,11.3792999777131,4799881.79129453,16697.7821197071,9.51586443991772,4718897.75701867,15569.7223238207
1.06445361300879,0.134605743460399,17.9541992205623,7104144.46257924,18128.0203062914,13.297117751442,5330577.34496781,17002.4163997529,11.1520259185501,5199467.13001344,15845.6008093007
1.0845907593674,0.269533730775919,18.2315801394865,7428829.04473295,18363.5677153122,13.5139862459616,5644621.22047874,17232.0127004338,11.3381303925155,5552178.98624256,16103.4177157223
1.23110281244904,0.190582909227546,20.193727101581,8047157.91954825,18742.8357441059,15.0575043572465,6095033.04510572,17498.180578511,12.6661426043835,5969559.9423787,16352.3631403126
1.10112331225732,0.312709891870887,18.4578254472961,7584358.43684545,18471.8528566719,13.6910429810446,5785472.41962807,17330.8567552267,11.4900917962345,5704675.73510619,16211.1984068749
1.19226162652925,0.222151446492497,19.6827058348237,7902974.13487484,18656.8495726226,14.6536149812957,5995169.44499043,17442.142694693,12.3178067674755,5881312.76190205,16302.8975792023
0.995734074708451,0.205340843280447,16.9942295781283,6854800.53620225,17984.0169569705,12.5505202857775,5169085.03978259,16917.9062072003,10.5134782179967,5064909.44223957,15777.4159360286
0.829446276753553,0.292688276044079,14.5770422898265,6085693.42766787,17515.5098396209,10.6906763160042,4618229.73890945,16596.4077767684,8.93175684372831,4557378.67834332,15480.4704119874
0.966209828107821,0.299160780523656,16.5750772090705,6851005.40706355,18001.9183049923,12.2261048101571,5209385.69389816,16966.1255393716,10.2367879733243,5135889.79503528,15846.2067072002
1.02063825091909,0.136546548689798,17.344604847232,6874986.6060208,17982.1805862059,12.8223999972531,5153233.4786656,16891.3356888372,10.7456946223333,5026352.14393902,15735.7510262583
1.16994846665185,0.195920566159967,19.3861457375631,7748353.9097305,18552.5512457241,14.419775683009,5862019.55061343,17351.9635255379,12.116353275165,5741692.6122329,16207.1820058404
1.28625426737294,0.268746107312853,20.9084619576337,8442016.16359662,19011.5073018782,15.6248578188962,6441279.12777783,17735.131657459,13.1565778685755,6336443.67164965,16606.3358481764
0.671296167244296,0.0654717821698646,12.1456107192639,4771764.87603003,16634.7342684197,8.84726108064526,3510683.03432038,15852.5579511506,7.37575945423,3403448.70190539,14699.2707470684
0.873235591278369,0.173683103757298,15.2266676580961,6130827.66216926,17517.0608549479,11.1875277524902,4596281.39456288,16552.1128629834,9.35282938148855,4495058.54411528,15409.1289535346
1.0760046069284,0.159176392253664,18.1134639534599,7204786.22854629,18197.4374980543,13.4214979709905,5420121.92142837,17064.6085964001,11.2586640515539,5295428.51795097,15912.8108071203
0.87065966866392,0.0528749572412831,15.1884342050234,5913019.37285993,17351.8898241353,11.1579761480749,4372174.14508277,16381.8359485105,9.3274765642373,4235341.02582223,15213.5704198136
1.3754931692279,0.213677852054152,22.0382448810993,8785596.83574859,19221.1990972458,16.5268706064802,6691215.10198608,17881.7164855244,13.9385262830534,6566469.56675053,16742.6839338814
1.15951693815329,0.131706477398263,19.2466953781605,7592409.69086472,18439.6467402689,14.3098897416018,5711158.31589083,17241.8654121187,12.0216902114095,5572326.54750079,16083.5252158914
1.09895637376535,0.187415596805593,18.428082235541,7370303.26729666,18309.0551092897,13.6675451081045,5562022.8342269,17160.6517209855,11.469748246802,5444010.34965691,16014.5330307883
1.33711084648102,0.198509523129612,21.5562413876333,8578470.73316977,19085.230980038,16.1411671718647,6519668.21456739,17769.351082026,13.6037735565849,6391734.379416,16626.3815152081
0.722758954898098,0.256527000543246,12.9519218040636,5409709.36968809,17081.2548604709,9.45579141740122,4086605.00447373,16258.6546623254,7.88839123418606,4028607.77047488,15141.4521616358
0.872190035304699,0.143625369613429,15.2111956508336,6074384.77069604,17474.5402527679,11.175605534223,4538795.84263069,16508.6735663466,9.34264203654177,4428757.70571942,15359.416746831
1.0626986014333,0.238582054086662,17.9301040283606,7264291.81849129,18252.084954318,13.278503075415,5502365.27244895,17135.1807715256,11.13623695033,5402396.03531068,16000.3543874313
0.786581815701811,0.0946642919016919,13.9308140646128,5503590.92050572,17102.1700337131,10.1977866047968,4079307.15782355,16210.6891970571,8.51419156677598,3964944.93791099,15055.5330702886
1.06565855673901,0.340964874444956,17.9711359080981,7446504.23805221,18389.8858435198,13.3107004495806,5690623.3839928,17277.9206212167,11.1639798621976,5620946.16929146,16164.6748208181
0.964482758874705,0.22929771362304,16.5502923224805,6725964.04644302,17907.2118491773,12.20680554689,5080437.81478019,16868.2410202782,10.2201992649086,4986308.71792447,15733.6486057884
0.676534570238844,0.312863369549442,12.2291096731054,5234376.36700098,16985.1354381798,8.91056606597656,3981814.90010983,16210.074159768,7.4296600169406,3946960.79402471,15108.0084010763
0.938895592276808,0.0757588990494077,16.182987093715,6331401.60103681,17622.8097146436,11.9228279527515,4704617.38385484,16595.2076852203,9.97788723870427,4567306.43395351,15429.0768704715
0.63317079523504,0.295065828030594,11.5400611621865,4943228.99735031,16798.974940226,8.39281983296593,3753832.61910699,16066.0083693386,6.99480599514269,3720110.31053388,14963.753111614
1.38830382862414,0.244158996075486,22.1978284951431,8893439.10930734,19296.3654036192,16.6548726965711,6790183.7348349,17951.2816490945,14.0497526949403,6674148.38694855,16818.9906290918
1.38309066691966,0.280621227825731,22.1329986736141,8925138.72058384,19323.7799819611,16.6029188222343,6830841.81291656,17985.0618139837,14.0046328251141,6725868.49589862,16860.393767684
0.714015265428109,0.217785955864678,12.8159355911488,5291271.84578649,16997.5728329798,9.35294223132084,3978000.33307535,16181.3220499721,7.80164440032265,3909735.23853861,15056.6286548641
1.2675833455021,0.224840792093706,20.6679099593984,8281643.76659808,18899.9765471789,15.4335873017996,6295287.76712278,17632.7710719699,12.9910946725756,6178201.01074037,16494.4754645862
1.11922051365265,0.346399171369971,18.7040452209706,7731739.84045751,18572.9366417503,13.8840029424232,5915799.56492644,17420.8346222111,11.6558108988834,5843756.43952837,16308.1352970372
0.820272998262101,0.0863090078015988,14.4391434749443,5683308.69957969,17213.8618521003,10.5850054818295,4212312.81860038,16290.9594076411,8.84177531318661,4091296.31765862,15132.1737798304
1.27870415649503,0.174469209759737,20.8112968906524,8256991.11003255,18874.1763226311,15.5474526503593,6254038.80951717,17595.375374832,13.0895245307144,6121377.04899865,16446.5139677505
0.785119058224718,0.30668678916008,13.9091781543338,5857451.9610455,17374.7679561563,10.1817527133612,4450874.34012365,16496.568714494,8.50116464043163,4399574.52645491,15385.9425506791
0.718064137895382,0.133392014785749,12.8786441766163,5169189.23009269,16900.6051343519,9.40016233035027,3844285.64904431,16076.0482051174,7.84119396129836,3750479.26774161,14933.4239246959
1.19482688203738,0.315939502855258,19.7167578450354,8065340.06020202,18779.7983533011,14.6806369922866,6164165.00573843,17570.4175955127,12.3412011435906,6078162.70779791,16451.0303152083
0.880486324074235,0.143254216379171,15.3332795205217,6120222.28964174,17503.5259666876,11.2692403419591,4573783.48853919,16530.373549332,9.42214687498731,4462713.49969668,15380.6797691945
1.08701190660923,0.334118718220579,18.264871001713,7546187.65293473,18451.9909893581,13.5401246089829,5765276.37841622,17323.2141960525,11.3606419175263,5691913.1629678,16208.2371099382
0.922250388590973,0.204000583715023,15.942771136764,6453518.49249395,17728.5386779009,11.73790940522,4858508.12241447,16723.2486951731,9.82070904582288,4761046.16907603,15584.7005175791
1.23417449846098,0.231520104961325,20.2339073293735,8127259.10206452,18802.3694164248,15.0893842520364,6176099.59267417,17558.7579427184,12.6937071694425,6062691.43648656,16421.6283891099
1.15436441895676,0.198492602940044,19.1777532988143,7673222.08987017,18505.0030402709,14.2557615174204,5804158.31818021,17315.9987216989,11.9751979279996,5685596.32413447,16171.8087435241
0.682414586066141,0.130945092172182,12.3211326358668,4952693.76347058,16764.1307089515,8.97952395183528,3679485.58247699,15974.2033378736,7.48713836505175,3589991.82553942,14833.7066137731
0.703356622388547,0.0685557642263738,12.6492788819451,4969531.21756224,16759.5772010951,9.22681726608761,3661479.4845383,15945.9324848702,7.69503915168523,3550539.31166226,14790.8188361282
0.819206050299983,0.10398138956943,14.4231792239025,5707219.83864449,17233.0256409226,10.5728608695348,4239019.32534698,16312.1213105769,8.83153402357437,4123377.30988858,15157.1009679371
1.10611797977132,0.140625531045836,18.5256893771026,7331771.87449524,18274.7241367074,13.7438855251082,5510936.76564263,17117.4936980196,11.5352078237117,5378440.0300448,15961.4083557221
0.73831842443916,0.333915679277754,13.1929046554341,5634125.28123927,17240.7478635232,9.63827689926182,4294411.45771299,16407.5083620867,8.04241736703091,4257234.13368096,15305.4523315996
1.05619478583726,0.253721310466713,17.8401515332118,7254869.67578997,18249.2702079944,13.2083735949444,5501880.17552253,17138.4832913712,11.0761877193572,5406945.43680648,16006.9581279856
0.622341627635837,0.137963237930465,11.3657796687224,4601227.61639544,16546.1411100934,8.26192718317292,3418494.39351143,15816.7874033833,6.88457483946795,3340044.8049176,14682.7583554278
0.844848213912232,0.309868809733111,14.8067797462144,6201474.99288139,17592.6046845065,10.8662723575253,4714938.40224419,16660.8392731693,9.08059851912583,4657391.27254343,15547.7612916841
0.811147548821444,0.126940732163314,14.3021389247597,5700104.92956448,17233.7836807463,10.4805989211668,4244580.68345317,16321.5463589969,8.7534859534135,4136733.40267806,15171.774991598
0.709081298149792,0.263380568650236,12.7392254139667,5341119.77438089,17039.8708674684,9.2950912221805,4038060.09674929,16230.7341399383,7.75304811670427,3983972.93315969,15115.921887437
1.25208113666276,0.258530293432045,20.4671387190832,8258502.64235549,18891.863691761,15.2742810162301,6291546.73322756,17637.9578223924,12.8534318890102,6185285.19928869,16506.6692440071
1.36518869740735,0.0713502473267282,21.9093251582884,8515916.11350026,19020.3741880014,16.4234081456483,6415942.45472884,17675.6657691806,13.8485834928722,6248989.26373455,16506.2306679269
0.637805421254176,0.227944182669066,11.6139653081502,4853461.98469464,16726.0995822244,8.44812970596658,3652888.69441852,15985.3061243961,7.04102146299935,3598645.89249509,14868.670135148
1.04022789832157,0.260291923039374,17.6184449747376,7181627.38127123,18203.9692820896,13.0356450812304,5447872.36649964,17106.1229999629,10.9283178561466,5356203.34183014,15976.2633934765
1.03864583197194,0.123727787752076,17.5962020460803,6949900.3512128,18027.260038016,13.0180806668178,5205593.93718425,16921.1823897745,10.9130652003231,5073353.78055758,15762.5223629757
0.836642420718266,0.291490328439581,14.6845101151861,6124242.23057885,17539.5904218797,10.7727678563054,4647122.43627342,16614.0068082153,9.00130529797502,4585070.45996288,15497.4630222545
0.67723132902134,0.321331922145952,12.2401225288153,5253272.29741115,16999.0414577538,8.91887317171344,4000250.36453488,16223.7214197731,7.43666723440596,3967800.14313593,15123.3698234995
1.18664904615932,0.216883510544499,19.6083155475246,7866308.26049734,18632.3103294619,14.594917434755,5963999.56569968,17421.2303606973,12.267221634642,5848904.98270096,16280.8682217615
0.983688267026649,0.0781394879591628,16.8234283565208,6580029.9385036,17781.6613838728,12.4179052894794,4897802.51442472,16716.8572953856,10.4000231547042,4756851.87363204,15549.8578725301
1.29017292053938,0.0626978761754124,20.9585839674374,8137804.15429774,18775.6474697529,15.6644436190489,6111469.48312769,17480.0935557325,13.1906559628944,5944885.06096636,16307.6656264801
1.13861809920059,0.0899898150121116,18.9659691610123,7418214.44928985,18319.6105782039,14.0891218633598,5556008.69825595,17134.2046649942,11.831740567741,5406111.5137454,15967.1426262487
0.61393083928122,0.279869751797662,11.2309145449336,4799731.04079799,16705.7878650477,8.16118351065391,3638517.5453058,15991.543650698,6.80052451072216,3603247.0121955,14887.8089684295
1.34649750887467,0.257038903693467,21.6747052922226,8714586.8651444,19184.0364993331,16.2359227063482,6652914.94630827,17866.8466775062,13.6860031821863,6542128.23680452,16736.4534711667
0.979344919479628,0.054276938918305,16.7617087338494,6517035.76918157,17736.3924607401,12.3700610745456,4838057.77669668,16673.5780241309,10.3591450225082,4690408.48149423,15501.6677394176
0.750944894283172,0.0804065959245422,13.3865872925271,5271508.75538943,16952.4209197491,9.78451795887963,3895992.99443052,16093.5850681503,8.16511724891688,3782034.20035418,14937.6443168386
0.840945150678156,0.192402198262444,14.7484058516588,5980775.13247618,17426.2577281093,10.82140614297,4490235.15314905,16490.9737199646,9.04229705856439,4398257.46283896,15353.4121212325
1.10682013070693,0.157418769452666,18.5352748369383,7362574.21458372,18297.891935541,13.7514218291805,5542537.85202809,17141.346310797,11.5417011159882,5414999.72798373,15988.8038114054
1.16056723700938,0.0752631520818996,19.2606851525015,7507310.54778693,18373.6671235182,14.3208067231658,5619373.44569991,17170.88668661,12.0310159553647,5463625.17042448,16000.5997075187
1.10888550153848,0.319042707092087,18.563603503867,7634557.71090196,18505.2108614774,13.7738885739583,5827549.10102509,17358.8364603943,11.5612141281117,5748078.51477039,16240.4413004623
1.2060538497757,0.116344076577075,19.8648088988101,7803894.40241556,18572.021320405,14.7972387905496,5870741.93273917,17339.3469297515,12.4415033318146,5724484.23942919,16177.71824552
0.730605250226961,0.0924027935439568,13.0730012433565,5172495.22895486,16892.9009229281,9.54705148652244,3826751.56951814,16054.1175454102,7.96486923219483,3719086.71317282,14902.0470060043
1.00157034150019,0.181659397676557,17.0765887135205,6847099.4545741,17974.0298231735,12.6143586029374,5152247.47076503,16901.5986073945,10.567964516203,5040491.26122337,15755.9700537818
1.12118683651738,0.182346477593343,18.7304965165014,7477140.12355803,18376.2850774726,13.9044672382188,5643301.49163965,17210.7179559584,11.6731679071344,5522171.18811852,16063.3143518909
1.25984479403982,0.190724821050685,20.567766456374,8189794.34171156,18834.3008540765,15.3540250234528,6207840.44801028,17569.7001446254,12.9222817946012,6080936.02031286,16424.1065681818
0.695640181233725,0.064545361398524,12.5285597991488,4916461.92841296,16725.2786437515,9.13573596278437,3619407.94244667,15918.9852484097,7.61836730062424,3508376.71139005,14763.6102442487
0.841634730026284,0.271190725853384,14.7588635781776,6117988.13031773,17530.9961041683,10.8295577587309,4632675.40902173,16599.7758163288,9.04938783705813,4564014.05741511,15478.7275477599
1.34210652110048,0.330069022509345,21.6194075805149,8807190.86799742,19257.7444835493,16.191817064414,6757664.51179458,17949.4217303548,13.647798781026,6668868.86491345,16834.4408337547
0.830361122673765,0.067941141467145,14.5901706815469,5709821.34864734,17226.4648261073,10.7002541781091,4223791.01196799,16293.3385785162,8.93934458873159,4096108.91680984,15130.1721380958
0.652481289456117,0.345241144546446,11.8483511124701,5147368.0918252,16938.8584657683,8.62428745802084,3932316.99073245,16189.0418168632,7.1892220402328,3910533.4788028,15095.6333735528
1.22545535108754,0.282374209725366,20.1199120065272,8164573.72231111,18836.4949594362,14.9992131266154,6227703.2664289,17602.930629669,12.6159226259133,6129951.40537652,16476.5278379557
1.19830736517068,0.109551652628117,19.7625600115243,7754014.67309107,18538.683470311,14.7164700683629,5828471.95590965,17311.038750282,12.371856718465,5680635.46146054,16147.9602813787
0.890582463817559,0.227643223635804,15.4815659520362,6318170.38445815,17647.9044496421,11.3832362011881,4765501.6898504,16671.1954374234,9.51916533732874,4678412.49686389,15538.8289386651
0.638569635871927,0.347787199545659,11.6266024962354,5068322.08712203,16890.2279502339,8.45782281071106,3874136.11718261,16154.352060174,7.04949567638793,3855170.82960433,15062.6238217606
0.768488784791081,0.182082092125358,13.6556101364108,5548356.54454642,17150.7877031856,9.98882040077205,4155574.17980158,16281.0168126156,8.33784715877404,4069447.66037557,15145.263169525
0.856328822775845,0.185746350295563,14.9769208882271,6056283.86106493,17472.5471674818,10.9962075156325,4544862.45727174,16523.2044590219,9.1905004326496,4449131.07407762,15383.5147844434
0.940671889042293,0.160124681697283,16.2087313187454,6481498.89031273,17736.6855371607,11.9428524737298,4859620.6253926,16713.0309369806,9.99510888449842,4747234.97587821,15564.6089852996
1.04232001849872,0.0897378752171641,17.6473034386329,6913843.19121337,17997.078382083,13.0578072300257,5162102.94988326,16885.7275457412,10.9470114362612,5019424.04718928,15719.8213419231
1.33148273710344,0.0563919390404128,21.4849592544785,8329858.35207253,18897.8414672929,16.0840408172868,6261356.19083966,17574.0197441197,13.5541311459284,6091158.38141861,16400.81780342
0.98178949644718,0.108146714363356,16.7965285629439,6619292.2407511,17813.1219248584,12.3971268975923,4942012.52950617,16751.8800059726,10.3823424210908,4810174.9451877,15591.2592478932
1.3534244204122,0.0623170936180992,21.7617267109435,8445277.35216024,18973.2024501328,16.305260585239,6355792.45021207,17635.411863664,13.7460234852162,6186548.48870069,16463.8396586504
0.861019844828439,0.340225582182476,15.0467224309687,6343160.25738954,17689.0977506418,11.0499626465244,4837820.95622852,16744.9495138086,9.23644905494699,4787449.19522229,15637.5075350163
0.750258091454811,0.304537529427239,13.3766785136176,5652872.00051829,17245.5089001171,9.77744681059996,4294336.89949111,16399.4801782644,8.15973022282272,4246877.1801012,15290.5067726932
1.02673899060292,0.29441750182289,17.4302687358687,7166290.98762954,18201.4706016494,12.8892865534106,5451492.75211931,17116.6120677121,10.8031575881506,5371129.27849835,15994.2165547798
1.14853403991943,0.0594722862725271,19.0993477092008,7420217.67119798,18314.6667320507,14.1938799208838,5544028.33155789,17119.6126551928,11.9217896547232,5384355.85816933,15946.0379729892
0.804076428251068,0.189100163701158,14.1957622933863,5765406.22909602,17289.3565022596,10.3996550120823,4324193.18450226,16387.1447815218,8.68514091919944,4235657.73369576,15250.7987856851
0.961299087459741,0.287833114785696,16.504907354385,6805737.22369256,17970.6796042058,12.171829064464,5169164.65843244,16938.178431286,10.1904859976244,5092765.72994989,15816.0151617018
1.29236141414299,0.126758660892097,20.98669966791,8249041.09129443,18859.6650240249,15.6869103831624,6227220.11387516,17567.7711290239,13.2101572064972,6079681.40868644,16408.9483069064
1.04286928677054,0.140394162649017,17.6550223292667,6999564.27400394,18062.4724573071,13.0639100141162,5251790.5900484,16954.2109644061,10.9523165539907,5124164.84068315,15798.989295078
0.674534411366196,0.200761406811609,12.1971887919491,5027094.8057578,16827.8359586337,8.88632836523095,3770094.23087227,16049.1605865289,7.40897377523081,3702384.4465763,14923.8517324262
1.28698949899596,0.303452032423532,20.9179327389334,8500079.96621104,19055.6123427981,15.6324414569662,6502242.1841623,17781.5230217093,13.1631705778218,6407744.61498405,16660.0923443443
1.23829023766203,0.15949683533929,20.2875597418169,8033702.9432096,18727.9924085053,15.1317752616237,6070885.21955685,17475.8829910015,12.7302378082329,5935745.91583437,16323.5199347256
1.37457339184007,0.199066855793313,22.0267536014247,8758609.620812,19201.0348733155,16.517642608788,6663511.84536326,17860.9203209666,13.930501549605,6534428.04163541,16718.7688011133
0.776876571644416,0.0789114401787873,13.7832336657776,5420355.52648347,17045.9592158136,10.0855589280732,4008366.39201791,16162.6295869032,8.41930550380671,3890572.23833769,15004.7492409207
1.21201891086884,0.273858549955166,19.943523090995,8084223.67487614,18783.3403403214,14.8596891081017,6160607.22559621,17558.55362345,12.4955339941712,6061052.10551245,16430.2943942775
0.806913577200355,0.309646817761222,14.2388477731508,5986860.11655794,17457.0378200432,10.4327233656993,4550896.86339764,16559.1668522613,8.71341142835124,4497780.96688394,15447.9537846918
1.12768567522887,0.186422492435551,18.818492331376,7517185.71599995,18402.7290606244,13.973503483281,5676471.37441648,17232.5943315622,11.7324883787749,5556102.74682403,16086.0021898941
1.14923735793017,0.309047770721226,19.1090899322232,7824584.98752304,18624.4839643852,14.2019500362248,5971922.26099739,17447.4766913354,11.9290461426721,5886694.11750564,16326.6971984021
0.930585557676893,0.165644954258994,16.0632785153379,6435368.87348498,17708.5718333071,11.8306905912572,4826628.16748045,16693.7751368815,9.89960579880345,4716902.94320741,15546.8581053614
1.17951272479672,0.122851469126325,19.5134353257912,7680059.75267387,18493.9808328555,14.5199540774329,5776118.88159421,17280.9240379141,12.2025346381097,5633382.74337172,16120.6623491959
0.887675581068149,0.33120842113372,15.4392005493847,6475872.71366411,17771.0388949443,11.3509087089247,4935351.86998113,16803.2472557062,9.49192150429532,4879362.91743523,15692.7799015529
1.24199741348709,0.225457938402443,20.3359497716814,8156441.11928672,18819.8517624191,15.1702181347177,6196518.01261926,17570.3219327032,12.7635035446643,6080889.89026617,16431.9552215523
1.35199022841617,0.196522041440286,21.7437921452372,8646836.5921509,19128.7448454384,16.2910912579595,6573279.72261548,17802.9891628325,13.7338243767509,6444204.96559753,16659.8586540431
0.785709151802045,0.329098469931703,13.9181966239152,5899127.49808671,17406.2743072342,10.1886558541967,4493401.77434919,16528.7955513724,8.50705499770589,4448674.38858342,15422.8336401677
0.827756115643238,0.31353619697336,14.5518132968345,6111510.20834645,17536.6079858992,10.6714535795885,4647904.22360799,16620.2378836764,8.91552311376234,4593441.9231203,15508.7615555239
1.27072345501448,0.130028734087602,20.708378105924,8147827.60285846,18795.3423450518,15.4655955658338,6148398.24041479,17518.4552605815,13.0186849180259,6002832.70462265,16360.0959991436
1.15794255969194,0.120537800608359,19.2256053089842,7566459.07013921,18420.7565352384,14.2932770554472,5685843.13568956,17223.297638531,12.0073806334769,5543779.429107,16062.6001112275
1.32297407821253,0.288558925764762,21.3772897822082,8650818.59201336,19149.3043202407,15.9984101381422,6615565.64876494,17850.0792560133,13.4800841903383,6515095.38261844,16725.9791386185
0.970953948921059,0.154685433447699,16.6424765890685,6637499.49668342,17834.7479575669,12.2779653359183,4977566.46342152,16785.5184619808,10.2807515711789,4860607.33117172,15635.0127085272
1.22959300479496,0.257352647488214,20.1740474352307,8145443.80248173,18819.2069079962,15.0420247276363,6201701.9227303,17580.8060217882,12.6528484124617,6096253.74434537,16449.1238346843
0.996902715431563,0.118270318195379,17.0105945122734,6717631.56799821,17877.9590765366,12.5630484044582,5022819.58958464,16805.0353309823,10.5240244213978,4892603.66911484,15646.1518970556
0.987283287719507,0.124573794339999,16.874491528193,6676129.97534441,17852.862690315,12.4575531482859,4993572.49613515,16788.2120533805,10.4339521255073,4866116.00652093,15630.9067309217
0.886179471053703,0.132646887338615,15.4168348020785,6134221.24341791,17510.0414550913,11.3333460393319,4579529.60560676,16531.2711195777,9.47657526042004,4464681.02209756,15379.106637778
1.23326270953361,0.166293423574573,20.2219332763545,8019439.05089186,18720.2061802119,15.0798027820313,6062574.46561862,17472.1449942078,12.6853685242048,5929730.83213313,16321.1937163782
1.12181932853325,0.332368948017739,18.7392582359569,7722397.43848814,18564.0529158694,13.911592317415,5902224.44325098,17408.991975237,11.6794909074039,5825813.10300135,16293.3060368844
1.05206353549519,0.128465798680333,17.7827113562159,7028758.13223872,18078.594939714,13.163370944815,5269090.906454,16962.257288902,11.0374510722943,5137150.83922833,15804.3508661309
1.39446852659968,0.179111651976574,22.2743396123979,8822188.16622197,19238.0411713666,16.7161894876081,6705916.30411383,17883.5772916146,14.1030034327476,6570247.634922,16737.6209286471
1.32871535269973,0.223298500177889,21.4500416085366,8576661.19937436,19088.9160125962,16.056387549889,6528774.19877198,17780.582695955,13.5302859668271,6408572.22622893,16642.7332677585
0.831353493859775,0.149642367063012,14.6052027005087,5853979.62892321,17336.2956189638,10.7118974909066,4372925.4178921,16407.0776366905,8.94939974726813,4269380.94318356,15261.0133189789
0.735458697249692,0.171671263225052,13.1482738105791,5337780.73290177,17015.7459093411,9.60417153542132,3990679.54216918,16176.5416068691,8.01323397907106,3905831.5817985,15040.7257591445
1.25298132512178,0.129255581106615,20.4787073999988,8058872.32416196,18738.1117001864,15.2832662830183,6077659.37622815,17473.4016545436,12.8610711201965,5932731.43529241,16314.7291100116
0.622683997044665,0.249283592918934,11.3716855765536,4799166.24483741,16697.6492657164,8.2665442360376,3622770.73993503,15973.1149406225,6.8887650518479,3577127.41392538,14862.2350036588
1.1168555390742,0.146665612940097,18.6717024958644,7397186.4402618,18317.7983924806,13.8583070287997,5564799.0913467,17152.8822171321,11.6334688274522,5433329.70109127,15997.9710737303
1.01641524783273,0.0602548513339606,17.2852542806739,6727154.72459208,17871.6808624121,12.7761400870352,5003624.98935799,16779.0106845407,10.7060138821886,4854381.08099834,15607.4211706334
1.38085409005087,0.137247713285468,22.1050461588739,8692874.47361114,19146.856122291,16.5803217631841,6584983.89590778,17797.5471408487,13.9849067117915,6437217.01627419,16642.4103288994
1.27984028520626,0.155685712270298,20.8259050343466,8233044.78061152,18855.0988666393,15.5590396778353,6226972.45532448,17574.0245651618,13.0995314099955,6088645.41363049,16421.1938427428
1.16898696966553,0.213178137134559,19.373338596437,7771095.62052652,18570.6227703901,14.4097170650291,5887506.67968766,17372.0335124812,12.1077142375759,5772392.13268363,16230.9061617484
1.38363200953168,0.0853909779576036,22.1396088197007,8625954.17890691,19093.851030859,16.6079712018472,6509709.2514889,17738.4150223078,14.0088952251533,6346351.39700318,16572.3341329158
1.35990406327005,0.142271378140981,21.8431438281814,8600542.93793226,19088.477391747,16.3705162743045,6513413.34615969,17753.0904592984,13.8027164050262,6367842.87282792,16598.5993118831
0.643720701895238,0.1892429003368,11.7082844626049,4821424.42011817,16696.4071627451,8.51883406340242,3609516.5175193,15947.8285534668,7.10024989199994,3542952.65597745,14822.6250654398
0.602826366229241,0.0984123644730139,11.0508790060283,4411552.82759643,16417.936148638,8.02618564860668,3256420.99331377,15706.8165201558,6.6868795237608,3169347.14473084,14566.3416676845
1.36025946700249,0.289339319679004,21.8477049767106,8830402.92755871,19264.6668602448,16.3743597054176,6758904.79837643,17941.2552583746,13.8061558871858,6657286.65683001,16817.9694926666
0.606666401530446,0.273310217218609,11.1136364726096,4743840.26021263,16669.3578213457,8.07341504459679,3593322.06263618,15962.2110996075,6.72695344658119,3557241.61793348,14857.7678495112
1.36933558956416,0.188626105165491,21.9612998555107,8717495.44121189,19172.6002518184,16.4651871821959,6626292.02896613,17834.9765971856,13.8849401492393,6494259.05459397,16690.5035174293
1.13039531148898,0.225667035473278,18.8551722524236,7594333.79512922,18460.1428138457,14.0023549988904,5754378.06115781,17290.8725228849,11.7573341879711,5645532.80244433,16152.5606035704
1.03332947135188,0.187353536255449,17.5221737641519,7025802.18288182,18089.1448652573,12.9605807617891,5293549.88119988,16991.6866080192,10.8639672099401,5180720.73102046,15846.5616229671
0.763646226733896,0.204438777916143,13.581659521022,5558604.31618173,17162.4971808083,9.93272616990471,4174186.45193459,16298.4802562513,8.2905356811738,4095314.18246443,15167.7074348896
1.24298452040819,0.230052536942039,20.3488123068555,8168592.36421623,18828.5576573561,15.180419181727,6208115.60717804,17578.7026790427,12.7723186975464,6093809.0625037,16441.3157724409
0.624372164489827,0.278801829384324,11.3989133316685,4861347.34318083,16743.858842356,8.28699411869649,3684214.6660743,16018.9893590339,6.90599775006227,3647026.52632561,14914.1078694936
0.716848113874081,0.129566151279031,12.859729854566,5155375.69391009,16891.0068342146,9.38586148764461,3831958.42460578,16067.4232589647,7.82913651160942,3737187.74499648,14924.0851097356
1.1564498374527,0.239065462260366,19.2057493637901,7748920.60573229,18561.7319455032,14.2778496032345,5881538.34804518,17374.2286178186,11.9942525255427,5774951.50139784,16238.6150024962
1.2351661002276,0.133662221531992,20.2467627020759,7977255.70569319,18686.6395190063,15.0994183056991,6015065.23043507,17434.6986745288,12.7022715538537,5872373.31381995,16276.84535474
0.861740242353886,0.0998749006858221,15.0568278870691,5941908.47435331,17380.7338720782,11.0572252597502,4416554.30947524,16421.4226891325,9.24207385391945,4294695.78451436,15263.4396201302
0.616552003912657,0.296678974203955,11.2732095180669,4845298.08366197,16738.4222529875,8.19287531034891,3681122.71815198,16022.2910358097,6.82713744952762,3650408.94762403,14921.8212846702
1.00816074695093,0.0791001960172284,17.1692723467333,6713763.31333065,17867.137653556,12.6860998517622,5001858.32009583,16782.4239135313,10.6290843041888,4858960.26277829,15615.0023454726
0.808428662147578,0.0880612007102377,14.2611060453795,5618346.62288374,17173.1689076691,10.4492447315929,4163578.67401628,16261.1758698844,8.7268570829975,4044528.05489694,15103.3958224765
0.876077341159717,0.274937778443963,15.2687335490471,6317030.83185755,17657.7909233573,11.2199866996212,4786916.12863828,16696.5574980199,9.38060904586462,4715468.39102732,15574.7380196419
1.03556029674901,0.155188198680527,17.5532444260526,6984988.48130713,18056.298242555,12.9847008346688,5247185.00071618,16954.8468666361,10.8845521432075,5124581.13585577,15802.888220669
0.946204930663116,0.148625079729182,16.2882955584836,6492662.25187392,17741.2741775716,12.0042340722138,4862887.03066536,16712.2310054371,10.0473773861468,4746527.93422586,15561.2052624057
1.09947805721939,0.169745614570227,18.435181105521,7344402.35436657,18288.8340127864,13.6730709854456,5533859.68648375,17138.7582723754,11.4744654678545,5410537.71785069,15988.899004166
1.20533192937959,0.222637497078376,19.8554016380433,7969361.52593329,18699.450736343,14.7899719826316,6047665.82710887,17475.4566728043,12.4353533047692,5933192.79880732,16336.3333380274
0.993436359968632,0.293405365816205,16.9618953791628,6987629.57264946,18087.5361641981,12.525614296079,5312445.76814083,17029.2068630513,10.4923651532198,5234708.00048702,15907.3465047392
1.04794174225558,0.103128132957877,17.7254703736583,6965566.62501215,18032.9212670445,13.1187186784274,5208420.1654202,16918.05800366,10.9991771599817,5069265.68269651,15754.874681401
1.05858771366548,0.243045839145564,17.8732625531822,7250015.44793874,18243.9199651886,13.2341739626917,5493265.63659583,17130.5220604872,11.0982694763895,5394955.79375022,15996.7035013918
0.838719452732647,0.251276221895103,14.7153836943445,6067857.0483229,17494.7540960604,10.7962820500253,4584857.04718015,16564.9435961455,9.02113910415043,4510621.64282798,15439.8541185291
0.664921932810664,0.169412017735715,12.0451479464775,4914717.55282949,16749.7897148316,8.77188071331404,3669880.49840916,15979.0763424022,7.31270183272445,3594306.6362522,14847.9890018506
1.33039398680173,0.264887438274048,21.4713338225873,8649579.73144103,19143.8589914883,16.0734435195551,6604495.14797995,17837.8255879809,13.5451039324178,6496658.84175543,16708.8229636608
1.19994160077434,0.223762262280862,19.7842707943922,7944126.1681,18683.5207262242,14.7337919471971,6028278.56488605,17463.4490513219,12.3869165679066,5914452.29536927,16324.5536296471
0.879631965704224,0.0674714439960997,15.3205565036133,5988059.89147619,17402.7703650909,11.2593288532635,4436625.39881122,16425.7093061925,9.41356481928856,4303126.82007879,15260.1178731221
0.987073626635501,0.0982725303655638,16.8714744310424,6631596.80068357,17818.8430613023,12.4551658637204,4946990.01102539,16752.6045114445,10.4318668087251,4811720.20386197,15589.7588188561
1.20201676638182,0.25024042071627,19.8116976109555,7996682.96541764,18722.5267158539,14.7554929308561,6081282.32930156,17503.0068058224,12.4056548654881,5975242.98333168,16369.7211776909
1.0900988685504,0.132039889823882,18.3068888560493,7234447.27612442,18210.7316804306,13.5726290592321,5431049.21230752,17065.1101009897,11.3882291803196,5297181.83633217,15907.3915204512
0.905671299545693,0.161228172692737,15.701820634551,6290552.227667,17615.6117144889,11.5523772914514,4713082.29066043,16621.7655061124,9.66279543718471,4604631.22538692,15474.8308558578
0.984604216336397,0.105246347661201,16.8364709373914,6629743.98743319,17819.1584110091,12.428059693427,4948765.95848595,16755.4113330171,10.4087398945362,4815802.20751975,15594.1024420786
0.783302170786908,0.05884617960623,13.8809163414664,5423364.85601517,17043.2045314698,10.1597699017509,4000972.46463589,16152.7584201908,8.48196834479452,3876405.39807532,14990.2877038979
0.931860854104202,0.0843289955642363,16.0815387385197,6306916.15612449,17609.1011827599,11.8446093521215,4689732.16481935,16588.011198416,9.91129421210022,4555684.63377884,15423.9274680459
1.27182562247014,0.318079073207164,20.722767471006,8449195.93762692,19025.9238682385,15.4773004974808,6468214.23849113,17763.2391052738,13.0289792007731,6378784.67724722,16644.7442290579
0.729366995758194,0.305299867310975,13.05447487946,5532620.90200301,17170.1478020118,9.53344839739477,4203526.15870622,16343.8380658155,7.95396542421909,4159073.84209468,15236.387791152
0.75442892830442,0.0763308346682246,13.4400749135969,5284926.86219018,16959.9207977393,9.82506312041695,3904199.15947566,16097.5609580948,8.19932297043185,3788570.16098025,14940.5412858064
1.06744250268476,0.247819359710905,17.995622458731,7304165.15705631,18279.4668862279,13.3296449769934,5537609.22143101,17159.5421301168,11.180070632176,5440018.49541251,16026.5946759896
0.691410490055929,0.212248265915682,12.4627328965709,5147783.23042484,16906.2355240589,9.08638083506115,3866826.7570006,16111.5919280709,7.5772428117824,3800091.27536319,14987.387814173
1.34268810912598,0.329351212508994,21.6267427722546,8808849.7155701,19258.6674060058,16.1976786440905,6758680.8220533,17949.9083973215,13.652882275889,6669649.16687326,16834.7854744581
0.729670114197411,0.299309139105893,13.0591487164064,5524052.26668478,17163.3285358238,9.53697279972525,4194109.67222147,16336.4138702068,7.95692024183342,4147842.47050572,15227.6900568424
0.877549566258425,0.324561334511739,15.2905033246741,6408660.55447357,17726.9900506635,11.2367824803731,4880631.69796413,16767.5210205378,9.39497826766543,4823769.44010153,15656.0723894848
0.68124304179257,0.0558021234668343,12.3024467643963,4814864.18122231,16659.3974949501,8.96530927245072,3538403.65882548,15866.8598975153,7.47497739846439,3426858.28986845,14710.7660381361
0.842644419448526,0.106853174227238,14.7735047239065,5845650.14081673,17321.3068061055,10.8404242806732,4346175.2072048,16379.4229140484,9.05822090411953,4228594.30486746,15223.8115685401
0.669917585213659,0.240684538742162,12.1244127775899,5069072.78653789,16863.9395420251,8.83163541190348,3821490.70547579,16091.7932670848,7.36311409222904,3766254.07246784,14975.1789747909
1.0731577620324,0.293873181715164,18.0744684111193,7408917.63736052,18355.9806257981,13.3912803117364,5640058.53452838,17234.9158218842,11.2329632506832,5555753.11497069,16111.6147305988
1.22368047546669,0.120352956202865,20.0964969814338,7898778.11706998,18633.6562011615,14.9804368278064,5947314.60425097,17388.7646148095,12.5995494734364,5801265.66144416,16228.0379147763
0.760412543542157,0.0876503826933877,13.5318379497292,5339377.75963769,16996.9071631434,9.89468897445095,3951040.90984103,16129.511772949,8.25812341260027,3837977.10143483,14974.4804020387
0.884735513578571,0.153515072902947,15.3956974272843,6161201.31015077,17531.8098633955,11.3171616179698,4610072.43665048,16555.5848222015,9.46287173157214,4501584.87644522,15407.8692206762
0.889197570786325,0.0665104734657969,15.4609340451015,6040083.70825577,17435.5877308627,11.3670743933946,4476108.15033156,16450.0961337424,9.50508878603667,4341270.00975057,15283.8965722552
1.29839372641186,0.125765347988575,21.0639455956487,8277008.39751413,18877.4265590935,15.7484062676661,6248986.6886455,17581.3765680848,13.2633922001524,6100885.76059091,16422.4162909873
0.739881139966196,0.107731453583974,13.2163478606897,5253567.53196885,16947.5690504638,9.65558707035903,3895675.38324907,16100.7302146798,8.05642294358917,3791292.819471,14951.2385077319
0.790566808411486,0.162451754118494,13.9914300240113,5642376.05297962,17205.5100621168,10.2440335146302,4217633.83068118,16314.1702656461,8.55345665729375,4122873.26682613,15172.9943246092
1.12714447617172,0.275348203875414,18.8112831073242,7657716.90084398,18510.9148229594,13.9679962216615,5826154.29844831,17347.7144243751,11.7278742371799,5732358.45159611,16219.9317377386
0.968893093118308,0.100407491498635,16.6129997045309,6536475.53603059,17758.7017585599,12.2550579112904,4874384.91435091,16707.5914890627,10.2611107345595,4741462.66798251,15545.7051986218
0.775053959766793,0.209134711630379,13.755827932149,5632695.01241087,17210.2846889664,10.0649931343235,4232781.1101379,16335.9073726231,8.40225711211589,4153830.3809291,15205.4250092756
0.821904498634781,0.171271243567026,14.4638224040504,5836904.5657322,17330.4360212078,10.6040058508413,4370208.65446548,16411.0042273379,8.85806576576849,4274213.54805216,15269.964663402
1.35430237945636,0.258814884312002,21.7729009437623,8754643.18388199,19210.0923351258,16.3144593624948,6685587.17545561,17887.991276841,13.7541469649695,6575051.67913264,16758.1172093584
0.770294445352086,0.249117379486054,13.6833613516153,5673682.05229451,17245.4924571677,10.0100263976082,4283276.385015,16377.751307695,8.35592691306377,4216789.06655312,15255.9320613899
1.30944474032009,0.153833477899987,21.2050932533336,8374856.03790335,18945.7588267296,15.8608969149846,6338701.1626058,17644.5551995485,13.3608315062142,6198516.49022081,16491.6902775254
0.776632024349046,0.280882495850002,13.7800611492,5764604.79352749,17310.2264052594,10.0835483660925,4367772.38239685,16438.3863039231,8.41811355004077,4309892.74651194,15322.8450633953
0.881843743311278,0.22618431492505,15.3534032870845,6267156.14609852,17615.2406208449,11.2848456338546,4725648.09147321,16646.0069752185,9.43558008104247,4639076.7465445,15513.6935541557
1.30166473542644,0.101052048815107,21.1057496139396,8254291.93453311,18857.9911492705,15.7816658179817,6220362.57297858,17557.7420522823,13.2921693119225,6064734.36540941,16393.5836697658
0.748322384143012,0.150013925456876,13.346475624425,5375851.45820641,17034.5665051342,9.75425133691252,4009007.84319585,16181.987881642,8.13975943575492,3916021.3954855,15040.7898149295
0.857738819611989,0.238340433732867,14.9979280501669,6152957.2194646,17545.6490217961,11.0123951352872,4643838.93651369,16598.2294652046,9.20435027199336,4563570.49457065,15469.5259492332
0.636555960871122,0.205517628073071,11.593909333837,4806536.84760418,16691.1939643887,8.43304567605487,3606437.63345615,15950.5959387184,7.02830073144434,3545760.77268943,14829.3938639736
0.76587687978123,0.173225230894763,13.6156806942773,5518017.19744216,17129.5888889832,9.95848800105547,4128227.85397952,16261.7681484895,8.31220921210344,4039814.20832247,15124.319451668
1.27358048816069,0.16673764588904,20.7452711617211,8219662.29877645,18848.6979624476,15.4949625093154,6221130.24917595,17572.7752829969,13.0441155670455,6086397.78147262,16422.2233516527
1.37651277766188,0.1618318314259,22.0509334991397,8710219.03959536,19162.7449847886,16.5369735763402,6609186.79210197,17818.2756185225,13.9472669355316,6468908.43869247,16668.2640966117
1.36145798445091,0.206071079997472,21.862674965431,8706947.56554558,19169.2067058376,16.3862337435292,6625244.63555188,17838.1102509376,13.816404540339,6498692.95480465,16697.1831983246
1.18570601973819,0.317503217938967,19.5959132870419,8022149.25293879,18752.4970960707,14.5852954618271,6130860.57551345,17549.7402795263,12.259047579706,6045866.06835426,16430.6772812213
1.07748961158582,0.103569734466452,18.1338121486284,7122198.71983419,18133.0702781527,13.4372951221906,5330639.91172951,16995.1356824716,11.2721243026203,5189248.59396482,15831.5686283749
1.31593820575241,0.336778743415164,21.2879271065144,8692269.73411222,19185.3881368398,15.9271908071407,6669095.79874161,17894.7222790349,13.4184096928277,6583320.19818879,16780.7405893449
1.14678964953506,0.0810161967553926,19.0759347638342,7445848.98979503,18335.472006866,14.1755109940657,5573690.36367958,17143.3156117486,11.9060173871704,5420564.29883593,15974.3077093835
1.0380850023502,0.33531984955665,17.5887142123131,7293064.45471694,18290.9380843881,13.0126357241827,5568637.62718657,17199.9794171004,10.9087486293376,5499508.98516297,16085.9985706148
1.03501184784072,0.339505746645665,17.5458813136042,7283758.50952754,18285.9063858992,12.9793058763648,5563308.34782349,17197.6458566286,10.8802367672968,5495683.56102461,16084.6059182775
1.30493987090181,0.144148057568292,21.1476175327349,8337759.65146746,18920.0414147799,15.8150803663741,6305093.2090595,17621.0715682837,13.3211413905945,6162204.14202301,16466.0925201475
0.725202052861171,0.241857420691298,12.9897663854854,5398703.91158269,17070.8182197866,9.48437979559805,4071099.76824157,16245.1138844158,7.91244257059509,4008426.26359205,15124.6757708617
0.934718930422218,0.13033257321555,16.1228806702478,6399263.45672701,17677.8850274717,11.876574501513,4782345.37839278,16657.3280455416,9.93860363841441,4661694.48320201,15502.832664784
0.73611709919373,0.116070327680003,13.1582785941463,5245798.3566665,16944.6554805671,9.61163665441557,3893848.8996257,16101.8549860958,8.01938235769384,3792444.41924909,14954.3609891466
1.11789402753783,0.343503525123654,18.6860473898821,7720278.53070442,18565.0187331313,13.8698870649946,5905537.55028064,17413.6926074876,11.643682698299,5832723.71743072,16300.39149897
1.16725453784751,0.239309031161663,19.3502469819591,7804143.29224449,18597.1010402928,14.391575312716,5925009.38411926,17401.7368472945,12.0921280054009,5817804.79899745,16266.1431504671
0.89842064952556,0.344888447697372,15.5964417355017,6558045.27120496,17826.1514079781,11.471722196006,5004909.32508998,16850.0089504823,9.59461142758398,4951836.9926045,15741.9952946567
0.630508133031324,0.16660036037201,11.4969511145024,4701437.19992139,16615.8503300748,8.3602721764936,3508051.2567945,15879.5295181738,6.96713615813766,3436802.19357119,14750.7432165024
1.00397049208927,0.232679961526328,17.1105133671624,6943910.46707632,18046.6326052088,12.6407773586467,5250693.03190452,16975.717850643,10.5906235168099,5153920.20595543,15840.7941471056
1.38923962362872,0.218379648922229,22.2094419863948,8858053.46894394,19268.6552305612,16.6641576772107,6751072.77636923,17920.8112004335,14.0578051006963,6627301.56893549,16783.0706602228
1.08797265772892,0.277583439083368,18.2779610884651,7459443.63540541,18384.7904720392,13.5502609468587,5672137.55229602,17251.2323380345,11.3692534356331,5581840.1927119,16124.2967453275
0.741145998302664,0.0643035499904878,13.2357252890739,5186207.29762899,16894.8768655185,9.67017707351641,3823445.43833415,16044.5003731181,8.06861449310327,3706028.52218031,14885.8356221641
0.769049452906468,0.330295264910077,13.664582250059,5805612.30283527,17347.6827018941,9.99592618673005,4422841.34285577,16485.5882151017,8.34422371259432,4380578.05907079,15380.8508593123
1.22440491349027,0.0928544327705047,20.1059633675198,7858794.26611966,18602.5169679603,14.9878856957487,5903772.78301594,17354.9794843898,12.605949426052,5749470.79170891,16188.4315656714
1.39315160935091,0.28728414843887,22.2580685528762,8982887.28337457,19362.1475417872,16.7032657657397,6879791.56988026,18017.6293780026,14.0918382173515,6776503.3838741,16894.5976678864
0.984884531747409,0.0958654565353088,16.8404308818863,6615775.70023992,17808.2443312179,12.4311097194755,4933634.0610061,16743.6406822038,10.4113265108791,4797850.64501407,15580.3462522078
0.852512661051752,0.326521720092782,14.9206705497832,6272549.76396174,17641.3330304281,10.9534325634639,4777245.40734019,16703.8105673471,9.15453881522677,4723765.61858689,15593.8736380576
0.805772830546008,0.240283239403917,14.2214758977158,5862267.46848861,17362.3444247643,10.4193479387478,4422610.14538458,16461.5235754285,8.70192656105119,4349052.52738091,15335.8213521684
1.23889567036392,0.251684484812632,20.2955442142772,8182571.1370029,18841.8481460392,15.1382397969828,6228557.15505982,17596.525279788,12.7359127085603,6120924.59125666,16463.6949898782
0.905320160873919,0.226989008096134,15.696841189554,6398653.85221848,17698.8026940324,11.5486768071101,4827046.8465521,16709.3860227005,9.65978584510555,4738187.70750611,15576.3020281295
0.812921619882503,0.146303085348781,14.3288763673482,5743195.69569191,17265.4687453494,10.501022030353,4286733.12685521,16352.7334089276,8.77081843763499,4184415.0247435,15206.9288960316
1.00004907970169,0.335814814991973,17.0553853395611,7092756.61893145,18163.5679856244,12.5981963228472,5413375.72960763,17102.7772378537,10.5544280326648,5347674.81277021,15989.7011407693
0.948624609268855,0.333111873848767,16.3234012541968,6812326.37776179,17984.7869644638,12.0316917663946,5195244.2157368,16965.7064626698,10.0711295481981,5133550.11164407,15853.4668354364
0.822767840339015,0.292886806862285,14.4770659277206,6048283.04997028,17491.9282752768,10.6143547862366,4589747.64041268,16578.812598861,8.86711697272655,4529747.76450847,15463.2538969883
0.813646531036404,0.346697032653826,14.3402839330538,6088086.99037017,17529.4843333758,10.5101194690159,4645874.39415797,16627.6808263582,8.77899859958257,4602937.70853813,15523.8850870892
0.710395893053736,0.0902935638307291,12.7591763733456,5049126.19710426,16814.8143084517,9.30982552387834,3732330.45962856,15995.4347641255,7.76498926095444,3626833.52775982,14844.3489558529
0.869646224448797,0.192001991559138,15.1738013606273,6141570.42039096,17527.9828475751,11.1470352903976,4613175.97340288,16567.2963678741,9.31849618685686,4517797.42718653,15428.3204682526
1.04855602818309,0.205723681820884,17.7341547244352,7136362.92574414,18163.5468811279,13.1256698686641,5387877.0801983,17055.3647705741,11.0052914591225,5279254.88297937,15913.8336713537
0.951186943140211,0.0636328394409631,16.3596691781136,6378777.25694093,17650.3305288894,12.0591800926152,4735534.89343172,16611.5833570156,10.094034448175,4593388.0659484,15442.4921288548
0.659391344083373,0.15627831455787,11.9574526347976,4858454.73643335,16711.3498929541,8.70592446787233,3620992.35391169,15945.4979086359,7.25725402303299,3542352.35736283,14812.1192810681
1.24011379949495,0.114303016010653,20.3112963958789,7971280.62394741,18678.9475429769,15.1505147780036,6001930.31621979,17422.0280753307,12.7463759299902,5853195.15916854,16260.1017549666
0.607297107951538,0.340050371537077,11.1240763626872,4865436.89351161,16762.053353446,8.08133735756648,3717983.89513383,16057.2955968699,6.73378384331366,3701495.52486947,14966.6815647513
0.771442620118054,0.298080645354058,13.7010154881084,5764187.87757315,17314.0096014477,10.0235311832715,4375766.61919471,16447.9187515946,8.36745710388111,4323647.31640871,15336.2890470344
0.672880836648808,0.336855719921602,12.1715419065165,5254461.19817312,17003.6258474035,8.86727776555705,4008822.15555711,16233.3299118296,7.39333811107882,3981587.28047548,15136.55372129
1.10455372907336,0.160811752679466,18.5044025699114,7356302.44811799,18294.5859347193,13.7272496161845,5539154.74449012,17140.0057861679,11.5209550258434,5412794.29395799,15988.2037756178
0.856849833438504,0.323878589168635,14.984958644179,6292323.52949219,17653.2335336357,11.0026354911675,4791132.78547014,16711.746886543,9.19626389047642,4736375.25030308,15601.0569514636
1.30120753770252,0.0578185425382068,21.0998710267754,8184342.88388101,18804.592211633,15.7769227155103,6146307.21110143,17501.1618545234,13.28802588814,5977778.36332043,16327.8318774186
1.37359735748308,0.0911277081584334,22.0144928900102,8586869.49063762,19069.815090559,16.5076784313646,6480911.39425339,17721.3133620269,13.9217748638865,6319590.18979907,16556.2409910815
1.2230511762156,0.341948837296762,20.0884681194181,8247141.39976093,18901.3712450613,14.9744225086511,6318834.57073221,17674.1091747694,12.594590707261,6239007.04928312,16560.312991679
1.22209217555058,0.210378563850238,20.0757643880173,8033652.04860533,18738.1555046504,14.9641702909699,6092999.52522694,17501.3648027953,12.5856060145754,5973926.61829377,16359.6986004392
1.31224500289663,0.250445141681302,21.2408506105981,8539520.12942088,19070.4155182159,15.8895348448977,6510826.917857,17775.1804368913,13.3857174527249,6399399.85487135,16642.8391557652
0.788499116669033,0.111490422914435,13.9599469088119,5543423.62716972,17131.2222881073,10.2199800178878,4117740.9703365,16238.9134106068,8.53299486990981,4008126.28465522,15087.1727689965
1.00762163317113,0.210934014358178,17.1619019191763,6927646.98584538,18031.6121174185,12.6806226907698,5228117.24328234,16956.2862622548,10.6246312444564,5124541.58839504,15816.6896303717
0.757140866707112,0.234050455388105,13.4821213527688,5571676.04134044,17177.712602882,9.85726162822304,4198471.31089034,16321.403523081,8.22690454084635,4129222.89668959,15197.2374179557
0.843304568301392,0.324873997584742,14.7838490528952,6218193.40807498,17606.6006729383,10.8487676344223,4734864.32069766,16677.0921584882,9.06579422210126,4681951.50891065,15567.2388346667
1.38790928337219,0.11914128807573,22.1928420098667,8698482.40352827,19146.979459957,16.6507138396426,6581850.23880955,17791.6401652297,14.0460582801935,6428450.04247262,16632.8128102448
0.727559827719057,0.132998574089791,13.0259742252924,5224595.16264423,16935.3437616782,9.51155378026142,3886043.52266597,16101.6332792897,7.93505544175457,3790815.65381096,14958.2641815248
0.660155698009457,0.269225353141086,11.9699610475812,5060429.98211698,16865.6114637531,8.71553302806373,3829123.85453743,16104.5092041623,7.26564197711911,3783749.50229179,14994.6270909546
0.669094207480702,0.230826160424813,12.1113646037162,5046946.16187345,16847.6662288614,8.82180035775954,3799934.4241889,16075.8453028765,7.35482118208079,3741903.40904048,14957.2389002591
1.17553130380202,0.0978733673338082,19.4604334574264,7619899.18150201,18450.3820923775,14.4781416394452,5717812.37897921,17238.3334917749,12.1664937376302,5567865.09758193,16072.790956726
0.602262030316453,0.152271307932498,11.0419459635845,4503172.50742309,16488.7041032928,8.01959632326336,3352145.42612526,15780.5977929655,6.68151490005726,3281047.89914086,14651.3795597879
1.37818689150445,0.211645222354192,22.0718492953579,8795249.92260068,19227.00677568,16.5538028079052,6698066.66138511,17885.6322729532,13.9619184917994,6572626.82692854,16746.2246298547
0.907815443914913,0.11322711443441,15.7329484811878,6222134.52548609,17561.5520650573,11.5762249616151,4637962.92258331,16562.846266874,9.68297521843679,4515010.64369883,15405.7284585721
1.24400882501154,0.328416681656504,20.3622433386669,8329159.55551272,18951.1296674586,15.1912117971642,6377715.36907834,17708.2774291111,12.7817378029036,6292740.77641589,16591.7363983786
1.26273292319854,0.302302063388666,20.6052596975356,8379882.52639612,18978.3738498247,15.3839513662469,6406521.23327337,17720.621714524,12.9482549895806,6312812.07743382,16598.6968871573
0.860385075321308,0.176663734183159,15.0369571765456,6063769.87274247,17475.2385939597,11.0421589896784,4546291.33474228,16521.7660118726,9.2294623788124,4447399.78679109,15379.9815964383
1.36721535382146,0.071199057078174,21.9346951381952,8525413.36035275,19026.4533686916,16.4437252766588,6423456.06382412,17680.4174917364,13.8662239253559,6256389.11823777,16510.9898219326
0.812207850566996,0.291923359246665,14.3185103368727,5986782.72854008,17452.8820706471,10.4934087575996,4542342.37778238,16549.2078494997,8.76472366226335,4483324.7191119,15433.9949927202
1.1790082318585,0.31022072187779,19.506933491383,7976882.13327708,18722.0656785036,14.5151286923337,6092051.63203053,17523.5576527762,12.1985979319948,6005288.10093676,16402.9545683538
1.21050968776458,0.333465376066469,19.9237241509679,8171445.88537233,18851.2278914002,14.8441319257344,6255431.91948706,17632.0975974981,12.48218023194,6173763.28544373,16516.4559436696
1.12282824810516,0.0517686688544396,18.7525733224236,7275006.86154758,18220.1057949384,13.9215613952479,5426811.12800355,17043.7441982462,11.6876779190142,5266603.28317961,15868.715662761
0.969772161497614,0.301672752579216,16.6258963897281,6874354.72857167,18017.3048098359,12.2654173361211,5228595.78598101,16978.7585907653,10.2703210482662,5155510.07393391,15859.2679401441
0.773609696619715,0.241194163422955,13.7339052710115,5679247.72035588,17247.1370743933,10.0484015146692,4283677.39544064,16375.8820398526,8.38832148700086,4214416.26528651,15252.2036994719
1.10179296116608,0.197807316743822,18.4668085466495,7401843.57162859,18331.3658892664,13.697877610919,5591328.43427161,17181.558087177,11.4957954918596,5476206.64880184,16037.6052448492
1.19438069900393,0.182681489954382,19.7107128510548,7850724.06398247,18615.4008032602,14.675655987864,5936707.63780114,17396.1636083256,12.3367580573317,5810939.70691676,16248.5641145057
1.09584122968951,0.200357182949922,18.3855435744762,7375086.88168926,18314.8034979345,13.634277428601,5571567.42519228,17169.7040012355,11.4412189853039,5457646.44498942,16026.3554768865
1.28156766131546,0.320355389737204,20.8482710900256,8500254.9950835,19059.0864624925,15.5770597812511,6509651.80594256,17789.9989323903,13.1152676879735,6420450.72803042,16672.089477883
0.910790283235141,0.106202632286259,15.7762222318379,6226893.06187594,17563.0262811862,11.6095028376593,4638332.53675005,16561.3209692606,9.7112632984846,4512976.90984587,15402.6110650075
0.918487788958942,0.212428987285934,15.8882438205796,6446893.76029988,17726.1925684218,11.6959338558957,4857345.95610899,16724.6313783543,9.78500811196934,4762779.44914488,15587.9928785971
0.935638367591179,0.246449284751317,16.1363684291275,6597617.67396344,17829.3984766286,11.8872006266462,4989333.90688192,16815.5345211731,9.94788206402987,4903138.84219041,15685.4606683616
0.957963501867648,0.211735967328042,16.4570519548667,6661510.09034846,17862.4037287405,12.1346964064399,5022512.69442477,16827.6711007019,10.158684882596,4923783.88675224,15689.5723926745
0.919875485666192,0.261420477754219,15.9084671412688,6536305.67900164,17793.7786400673,11.711601845784,4949081.77056067,16794.1513625727,9.79843918744959,4868944.09321749,15667.7754127324
1.04647846606463,0.317759436474257,17.7054678173936,7308424.59585949,18296.9805315926,13.1035220319505,5572603.26022627,17198.2424185794,10.9865085190585,5497547.85387879,16080.4038106554
0.685990592909617,0.294586383602803,12.3779022223059,5258730.17838707,16995.8672399691,9.02259961573784,3991164.39746671,16210.6667765537,7.5238163057799,3949553.42040873,15104.0655157823
0.864920038931755,0.0738478458753598,15.1037704039825,5915974.29796113,17358.452507436,11.0931339737662,4384358.84875766,16394.7494794229,9.27248703645592,4254406.24862847,15231.1512581992
1.16825974074151,0.259789982620933,19.3636872861882,7842018.19127179,18625.5133168699,14.402191936694,5963809.44144389,17430.9595673839,12.1012920098069,5862655.74063114,16299.697844605
0.67418988566191,0.263178824586571,12.1919593618559,5133825.86816024,16909.9909590162,8.8825081278774,3881432.33741675,16134.7554829482,7.40593563854655,3832226.31582627,15022.500878504
0.945180814503495,0.128130153176857,16.2735370914878,6452997.47455598,17711.5782824229,11.9928023494763,4822760.91370587,16682.0654583029,10.0375977885239,4700404.47026114,15526.755917458
0.725900710628117,0.259449321658724,13.0006487770579,5433183.58524744,17096.6963721244,9.49264398190644,4105809.39215827,16271.2545468845,7.91945371523924,4048249.66698838,15154.4481462894
1.21311558102286,0.228534974922367,19.9579020108592,8017676.76613477,18731.5800351815,14.8709857788961,6088327.76513225,17502.5239192913,12.505229358285,5975174.96719892,16364.6702416904
1.33476755741472,0.0771640087046216,21.5265320197046,8378163.15781138,18932.9259592278,16.1172709953204,6308635.25917179,17608.6308203566,13.5829599261675,6144519.54968761,16439.8868948554
1.02782801323507,0.0523707239099858,17.4451152635743,6775393.9045421,17900.8054758534,12.9003894566212,5037481.16855352,16798.4177108195,10.8122527265947,4884894.80891075,15624.9141989407
1.15111366775115,0.312303187305967,19.1342827891658,7839333.30514513,18634.5781199912,14.2217627027123,5984935.93490738,17456.4408350292,11.9460921706908,5900556.57433579,16336.3423560007
0.837564267749203,0.266819900032167,14.6981989068507,6087659.90430541,17510.8247264412,10.7831794384659,4607401.25295126,16582.9623229711,9.0100710694269,4537916.23991301,15461.1931666136
1.385429522709,0.330997598406482,22.1621414386271,9014024.11790458,19390.6092753485,16.6263555174463,6923040.84204169,18054.6373930058,14.0250286705318,6833055.95210841,16940.7093450842
0.675452325516598,0.273779466474293,12.2119125026332,5159830.86515095,16928.8710920624,8.89754711063149,3906281.69001293,16152.9237566688,7.4186071243738,3860027.55402227,15042.7836513292
0.661350507764869,0.24284629430519,11.9888158113828,5021507.09454094,16834.7386213867,8.7296588472866,3786726.19160749,16071.1649994071,7.27743443637882,3733380.58346248,14955.6843262518
0.656350082499244,0.266469981577672,11.9095583414591,5032779.14532291,16847.6552770954,8.67013065931856,3806937.65331096,16090.1898869667,7.22749878846108,3761309.02813853,14980.0408717398
1.03940373649764,0.27069710914947,17.606984541772,7194299.91152078,18214.2569061722,13.0267414194387,5462457.31418502,17117.7804027782,10.9207148900488,5373958.16083212,15990.1327356024
0.641472697263541,0.341869515939975,11.6729476037782,5075405.80160598,16893.1474550553,8.49258651401151,3876511.33576637,16154.097043654,7.07865251051816,3855364.49417463,15060.8925349828
1.28803074107917,0.0696198556353761,20.9311023235011,8138128.7092303,18777.2140250325,15.6425860450106,6114700.75980639,17483.6737577668,13.1717450192209,5950281.28752945,16312.6889505254
0.915121409593708,0.303898038411757,15.8395703606886,6581171.80845602,17831.6617014164,11.6586410204946,5003480.93279309,16838.7511090508,9.75346769607306,4936468.48051267,15721.4873348102
0.9603691819717,0.106403243325091,16.4912771444794,6499960.93529645,17736.7467002284,12.1609464395479,4848940.36092134,16693.1139137802,10.1808646980454,4718624.48045202,15532.746473168
0.759709761181447,0.236247965322257,13.5214936883669,5590355.56446834,17189.9901620651,9.8871336123724,4213723.7864107,16331.3981235747,8.25212540247461,4144791.25298579,15207.5316792597
1.05732748313776,0.163340294210121,17.8557023459425,7113436.16407655,18139.9837657907,13.2203375849583,5350817.21258064,17021.9661803969,11.0862939965705,5228846.01789947,15871.3348770455
0.620716094192565,0.19313133635543,11.3398458326965,4688368.28134212,16614.4011789214,8.24259741935432,3511509.06536151,15889.2609458882,6.86852528331615,3449593.76860234,14766.8636139033
1.20770933574573,0.29017305721434,19.8868042278775,8088667.88522646,18789.4876178413,14.8148881353692,6171246.8672699,17568.9997345543,12.4569130117753,6076807.18757609,16444.1825805533
1.11889114686781,0.0786391945094501,18.6992368434003,7297929.35759325,18240.2933559509,13.8797789470197,5456745.94165043,17068.8729986214,11.6518196804893,5304834.85752052,15899.5603756558
0.936853321632448,0.284935612728653,16.1539607813741,6668306.5022501,17882.7546626052,11.9008429427939,5061752.02712055,16870.3502742889,9.95957543580945,4986886.35248392,15748.3409344615
0.936414726417556,0.0814941704681182,16.1472431800347,6327288.70087959,17621.4425111989,11.8952681750881,4704115.53834486,16596.3093843163,9.954426360679,4568761.79467976,15431.4710429912
1.20412013520065,0.193764408766239,19.8393914395685,7917346.1249399,18660.3084674425,14.7772792388988,5994037.40917597,17434.9594689506,12.4243769907903,5871011.4010675,16289.7200127754
0.784589947014977,0.218020170254027,13.90090578326,5702882.18393048,17256.6119281478,10.1752858043898,4290472.75333806,16373.9137556622,8.49547841370439,4212944.99826309,15244.7320118785
0.84680977753665,0.122178454213851,14.8355035438677,5895181.06267194,17356.146051003,10.8878668283274,4391357.10452823,16411.4501545757,9.09847695173758,4277841.50597336,15258.855322785
1.18214418222337,0.0796216600031399,19.5483624534151,7624376.30014417,18449.5609545693,14.5474201817648,5713292.96888537,17231.3166684245,12.2261433216146,5557488.27367728,16061.9019597209
0.823233338320482,0.163709733033814,14.4837215445126,5831636.61183522,17325.3743109317,10.6191767437983,4362572.10104788,16404.3008039817,8.87089509155672,4264172.94111121,15261.6051969566
1.21926783361284,0.347497615291618,20.0388494656741,8237207.93577468,18896.1400779958,14.9351784109917,6313418.94039128,17671.950451661,12.5607342858088,6235455.09734923,16559.3127150055
0.82137305871045,0.140159687562785,14.4557766758808,5781047.4098546,17287.9945622369,10.5978043050443,4312685.37491759,16367.2301709856,8.85274065770935,4207519.68041936,15219.6886098599
1.0888576674688,0.220430979502663,18.2900088675043,7371332.7058815,18316.5920602887,13.5595821731935,5577654.45318935,17178.2616661697,11.3771656081882,5470244.31303349,16039.2377408843
1.39205700538221,0.0860517571630839,22.2443506701833,8667131.33912246,19120.4665320266,16.6920027603048,6542894.35756422,17759.6972281739,14.081921330587,6379475.00350033,16593.9395707227
1.33840968678019,0.227470392289195,21.5726701935261,8629808.1223289,19123.8448228424,16.1543317488514,6572845.63893601,17809.4930772458,13.6152117674294,6453519.53806295,16672.6877046134
1.30796520111864,0.207288907284054,21.1862711451072,8451285.6609322,19005.3138006582,15.8459698427333,6422277.49507923,17709.4288385532,13.3479462587916,6298130.78447544,16567.8775088156
0.654190006687567,0.113581494718595,11.8747171249483,4752357.54501501,16634.4247940295,8.64367467690687,3519921.31545437,15871.6998592358,7.2048502969888,3429437.53856135,14729.8452890375
1.2562826011268,0.0688456220688452,20.5214868319829,7979926.7542539,18675.4724510872,15.3171175975209,5989054.78045514,17403.7077176015,12.8902668345002,5825913.49388226,16232.2599958519
0.90823722846503,0.328095070161954,15.7395323950253,6583863.83106021,17838.7559044049,11.5817105012702,5016881.90107999,16853.2075560167,9.68808579011286,4957782.00327144,15741.2888142004
0.693079762583797,0.281677901251685,12.4891326522376,5278314.71834992,17004.9645621176,9.10641587234838,3999589.1447128,16212.2229407226,7.59428908249598,3953155.17070233,15102.3963378432
1.09501972282494,0.337990917089839,18.374499190752,7593828.1308932,18483.1883525479,13.6258741652651,5804214.1335818,17348.6226792878,11.4342058002699,5731407.82792452,16234.3723096515
0.911729096488856,0.261629370160937,15.7901927369597,6491909.83363434,17765.6570577823,11.6205567625451,4915009.85482389,16772.9536520625,9.720985837058,4835779.02224556,15646.9181517321
0.696148156454294,0.215704255638594,12.5369983857369,5181936.41867616,16928.4837398339,9.1423867712631,3894322.1449741,16129.4030135697,7.62437630352597,3827937.82210293,15005.567724455
0.690539287468267,0.316415104858091,12.4494008364467,5323632.30930178,17041.8442316826,9.07652703566306,4050917.98322086,16253.3288563097,7.56923822331244,4015118.36725839,15150.9461475997
0.628078716519771,0.274415829577358,11.4583873108668,4876122.35647975,16751.9474516423,8.33155465709947,3693114.35541753,16023.1336065003,6.94335610580807,3654066.77076333,14917.0157075174
0.816528242175761,0.326807603376784,14.3835362976784,6070587.4210526,17513.837656028,10.5430648273996,4622997.81937481,16608.2936635512,8.80683838452132,4573812.12474065,15500.1746136569
1.16621149812978,0.34503737869833,19.3364404946543,7968151.91070722,18723.623066292,14.3808757055857,6100550.13169554,17536.9617575758,12.0830455526679,6024973.93546003,16423.7440658504
0.81701203714266,0.0920679564878108,14.3902121275834,5674416.43826516,17209.550679506,10.5476888949671,4208279.33648089,16289.9504182959,8.81019350163175,4089367.71247147,15132.5465670653
1.01361675596882,0.147984191091898,17.2461016815489,6856235.69380288,17972.6573674659,12.745887530602,5143907.87951991,16888.2287374957,10.6803016938074,5021048.45091826,15735.2135063942
0.955265737333981,0.093575857435475,16.4182011806143,6450811.84740601,17702.6795303935,12.1044506212942,4805037.02178738,16662.46678001,10.1326770916605,4671400.75091571,15499.5545401719
1.02477428802788,0.0765732895263033,17.4024359377249,6798727.44461143,17920.8140179349,12.8672455500289,5066643.28892311,16822.5391000633,10.7839443517574,4921532.67518611,15654.2086247101
1.00263635582198,0.246907762624095,17.09173078192,6960196.74016043,18060.0581623534,12.6262288787761,5269842.49534594,16991.1799781677,10.5782190575446,5177427.03590527,15859.2891222948
0.903015378518271,0.164247065667984,15.6631148560367,6280885.21705831,17610.1435344565,11.5226195894992,4707065.01805643,16618.7693381208,9.63749963707037,4599793.70799784,15472.5727713485
1.18529973085508,0.22724620884823,19.5904236937214,7876045.72918963,18640.6479245185,14.5808226260477,5976218.09375642,17431.3257266921,12.2550900857854,5864298.90595709,16293.157265724
0.658705551711722,0.147343205119437,11.9465415430509,4838699.56175209,16696.7836036573,8.69770721953845,3601683.31617513,15931.1804121233,7.2503265322127,3520504.40051841,14795.9942534746
1.18976454980976,0.0960052457328005,19.649492822187,7689205.12134438,18494.4159959107,14.6272089320014,5771503.10925059,17271.8930610639,12.2949075601883,5620128.36244601,16105.9424778778
1.14409710913453,0.179408767938968,19.0398480583276,7590125.6022679,18447.9351106737,14.1473123619856,5730508.96374296,17265.0796060282,11.8818912355245,5606928.93342855,16116.9001092212
0.749292010374431,0.3352417143577,13.3619185806092,5700074.47610242,17282.4926000425,9.76631920586411,4345080.99059937,16439.0319191149,8.15042103495203,4306845.37618835,15336.5476483888
1.32541970702451,0.200098453844839,21.4082496762853,8524575.48938484,19050.9410084733,16.0229964020942,6477459.42671359,17742.8844304402,13.5013238462341,6350452.40861572,16600.0632461881
0.701315123402833,0.0947627178121121,12.617458765953,5002802.5901825,16786.7895444753,9.20285488536834,3699502.49786234,15976.4855796804,7.67493890207012,3596605.44584857,14826.999293579
1.3916242417066,0.209325406502563,22.2390572981475,8855356.27332985,19265.1757333128,16.6879101575585,6745114.37978095,17915.0585342996,14.0784424351566,6618564.03148341,16775.4497068374
1.21523356097875,0.126040007936265,19.9856427507052,7865458.91307367,18613.4330921557,14.8927603334238,5923513.23474225,17374.9658340743,12.5239033169873,5779630.56429218,16215.4134972393
0.950374791022075,0.114944639629676,16.3481124708777,6459526.36819472,17712.8631966632,12.0503537160813,4821676.40453144,16678.1374895243,10.0866111409714,4694881.15740943,15519.882306238
1.00623897135332,0.124352272613121,17.1422917042818,6777853.03328963,17917.6471725658,12.6652396181109,5072289.57138922,16837.560437022,10.6113367284456,4943043.93306417,15679.7310547708
0.833834257629361,0.182966371608934,14.6423399943115,5924538.6701998,17388.5301971918,10.7403316044631,4442742.39899085,16459.046829013,8.97356841642113,4348797.9789427,15319.8544253636
0.923183976263487,0.210614297382101,15.9563072770351,6469683.53992523,17740.2622560323,11.7483488510551,4874045.76416522,16734.6021776227,9.82960663263994,4778455.12893876,15597.4130128916
0.650081505271709,0.254542521721668,11.8098610328865,4974216.07887311,16808.1142558531,8.59521361460976,3756937.31759837,16056.3047423014,7.16455431875675,3708712.60502067,14944.1822019994
1.35486593812657,0.316947087083225,21.7800231677949,8847595.17805898,19281.0887169266,16.3202341039823,6784293.02144642,17963.4361615762,13.7591998281977,6691115.35698471,16845.9040016431
1.31419845854354,0.102615383322794,21.265604964232,8317920.94140265,18899.1695106519,15.9090673100868,6271571.71211361,17590.6313472739,13.4025189755006,6115881.85912481,16426.9726642694
1.17344941583047,0.342937737206986,19.4329797092274,8001229.31575268,18744.3288349334,14.4569042947078,6125613.27964545,17552.2900981549,12.1484963279516,6048958.99021387,16438.6164669473
0.610125182885865,0.233090985767255,11.1693530983961,4694044.21666265,16628.0995962571,8.11503139894613,3535799.092398,15915.5916583273,6.76171011886021,3487314.70899469,14802.4647900714
1.34490247659709,0.0991797664635258,21.6544922396234,8461450.79028258,18990.7330466704,16.219552680167,6384304.00870998,17661.5708196199,13.6716861574554,6226388.19913944,16497.6664697633
0.732270614004796,0.235435593129722,13.0991896146629,5429053.95252362,17088.3451031417,9.56714594358571,4090955.01483218,16255.5704079826,7.98218608393765,4025421.70259543,15133.3096248265
0.851942466912261,0.2845801248269,14.9121130217711,6198520.88150195,17584.9720751251,10.946800437082,4700663.51027935,16645.4365180587,9.14881943557048,4634790.96742144,15526.7145339735
1.01937969248947,0.161505159935551,17.327002596368,6909223.57092965,18009.3191464277,12.8087660068465,5191212.0537517,16921.1914546756,10.7340790568182,5071876.94789434,15770.9010296603
1.24909773361907,0.212759471645806,20.4283360840505,8171499.58627042,18826.9635074204,15.2434389483017,6202910.95758104,17571.5156646543,12.8267400530382,6083125.82794085,16430.5071724209
1.18034566150636,0.202409797718235,19.5245965953205,7811380.5976521,18594.2112528683,14.5288795286885,5914424.44062982,17386.5761592987,12.2103154999938,5795390.61677642,16243.1529521427
1.01875152399176,0.265542678857547,17.3183617216445,7076624.77895027,18138.1911071293,12.8022427371791,5368687.75658809,17057.6858403523,10.7286772758453,5280406.30772232,15929.3627671223
0.901290351665996,0.297622324431501,15.6382322042887,6494670.06055655,17775.4216646267,11.5037513811863,4934005.55309172,16793.8761757934,9.62173801106804,4866575.44706287,15675.808067448
1.2175544606702,0.325148365643593,20.0163334554896,8193231.49940127,18863.4789582483,14.9173361908155,6268974.68475997,17638.7598611372,12.5453170694476,6184429.96869105,16521.3819700871
0.775392554169466,0.0663969228810502,13.7605958453535,5390303.66830273,17024.0786168366,10.0683329806354,3979463.11136574,16141.4388772844,8.40471995809754,3858149.61906483,14981.0260033295
1.02889720110104,0.24739134527221,17.4603682015278,7100644.92037539,18149.6169249127,12.9126090932547,5379057.1233746,17059.8127263129,10.8230278446277,5284496.11746437,15927.4484807542
0.801757976391888,0.0621686566433194,14.1604463535313,5535843.80857789,17115.0561183044,10.3725004647602,4088245.4239437,16207.7037674043,8.6618596222851,3962337.93186432,15044.8627872127
1.04150953992017,0.120114425982933,17.6360713863806,6959198.84327707,18032.4324807832,13.0491156640412,5211181.51011978,16923.8356730329,10.9396208808055,5077624.47036447,15764.3580258123
0.799716648650124,0.28522053513577,14.1301979968638,5904264.9745617,17399.2668357072,10.3499075020926,4476201.2400692,16506.5238929006,8.64329112709915,4416719.61729911,15390.5777617442
0.869028725431391,0.201925300098745,15.1647152299316,6154823.73401402,17538.6119560346,11.1400906481438,4628028.6094707,16579.0707354743,9.31262352408733,4535667.78297307,15442.207873414
1.31345275755117,0.314334907545549,21.2562801441019,8645227.93773246,19150.8005694279,15.9019248013474,6622124.4392162,17859.9514627278,13.3965025602257,6529742.44813204,16741.1743520959
0.881489095997091,0.123383838750661,15.3479689879006,6092439.91340944,17481.4672436372,11.2804724222488,4543093.13075378,16506.2169762098,9.43164322627594,4426006.75843859,15352.3023744242
0.917477211470952,0.102181544647464,15.8733591550309,6257226.58538524,17581.4179930043,11.6842583783454,4659794.03466283,16573.7256847165,9.77484932819549,4532541.08758221,15413.9182981322
0.702335141226912,0.339398533319741,12.6341733803683,5433139.06872121,17116.0292121242,9.21593394453182,4144949.69931579,16317.3010522124,7.68661194663335,4114295.3120296,15218.8582506258
1.29460179281614,0.0818230409144943,21.015369015151,8189558.69776739,18812.6432434498,15.7096675947685,6160739.40964558,17515.6185937842,13.2298176188185,5999673.0140221,16347.2965543725
1.059804033543,0.164406399861496,17.8899755891712,7128218.36957666,18149.6437639716,13.2470683252441,5362811.66277542,17029.7668139594,11.1091928380245,5240958.75566529,15879.3199663885
0.664368431597819,0.0918651990138322,12.0361215190908,4775983.63689725,16643.8516132464,8.76495037188933,3526934.07212267,15869.8834492746,7.30666212111681,3428521.56279398,14722.6626815942
1.02387359884231,0.11222096232684,17.3898848860043,6852364.85529888,17962.5887847111,12.8575527741738,5124563.60881673,16867.4844152116,10.7757142870984,4990153.37118437,15706.6964227877
1.14378279254173,0.0634500932031426,19.0354803937471,7402149.85111458,18303.9050082302,14.1436881870617,5531623.3978483,17112.6820381653,11.8786264264649,5373456.12844503,15939.9749074016
1.0110211579572,0.337344401301413,17.2099333134565,7153543.29409143,18202.5650760472,12.7181487810827,5461209.99550269,17133.1128727543,10.6569172501587,5394994.4019904,16020.1081327698
0.606124929470145,0.346883549306031,11.1051581815712,4870356.95112368,16766.8675845595,8.0671970639166,3725103.94379853,16063.610953985,6.72195567409987,3710813.03460568,14974.5246552358
0.817741943015576,0.19621203738354,14.4014337696239,5855554.46981637,17347.9446916758,10.556456058726,4396374.16334555,16433.7274921472,8.81786397357252,4308283.08036546,15298.1397340888
1.33643602153512,0.109176600912129,21.5476473486891,8436102.282476,18976.3820399079,16.134181313249,6368364.36577147,17653.6118343916,13.5976480519068,6213753.73275345,16491.6846049204
0.97438773579162,0.348531762295464,16.6917276786601,6976675.12163368,18092.5389384163,12.3164445892967,5329355.24913463,17053.3258653792,10.3139354289519,5269787.15389449,15943.5845401807
1.2519499104532,0.199206469305046,20.4653798301891,8164195.42714175,18819.5771477021,15.2727980102509,6191261.08669529,17561.0905731517,12.8520931656394,6067283.03794487,16417.2315335474
0.692034538988638,0.308123951755162,12.4728291042565,5318071.69534142,17036.3310485103,9.09417351199151,4042635.23354327,16245.9460744337,7.58406134653452,4004171.89156879,15141.7207881884
1.23613185185258,0.192702746877531,20.2594276143003,8075524.61061714,18761.4402221889,15.1095390876431,6118356.80666533,17513.4329846106,12.7110700560257,5993250.11549162,16368.0917307125
1.09130538301876,0.0726974479472893,18.3233272261501,7144533.96395082,18140.9355911671,13.5853827778406,5334175.32984757,16990.1265739972,11.3990845422814,5182516.98530825,15819.8520575278
1.35898078392799,0.105821032441892,21.8315354704616,8539557.11886876,19042.2272527379,16.3611773089859,6449366.73980531,17704.415950459,13.794584462143,6292931.86297935,16542.1749244604
1.04385422826389,0.349818577794629,17.6690398964591,7347048.05701766,18328.4076262512,13.0752054922983,5617208.11507635,17233.9494303612,10.9623208528383,5551924.07572598,16122.9256099078
1.21377080909305,0.115454533660165,19.9664034088823,7841298.29313462,18595.8208981631,14.8775322575272,5899836.4321323,17357.5761281412,12.5107552082947,5752874.39649572,16195.7777568033
1.18840468215436,0.155947043811595,19.6315322803527,7777940.56613826,18563.377157,14.6131343615116,5867676.9919706,17346.3986761171,12.2828479364016,5734282.0247665,16193.1371938682
0.747072562422409,0.143548190644921,13.3272324299819,5357415.57916545,17021.429716559,9.73965558178801,3991875.4468438,16169.6846320163,8.12742853867778,3897139.71382888,15027.2144423535
0.811786241235813,0.318512574565015,14.312235652692,6029614.46595434,17486.0651399244,10.4886779363323,4587759.35511359,16584.3066293297,8.76078352274589,4536683.09660771,15474.6947744255
0.906833789764393,0.194425754862771,15.7188225866857,6352531.23851719,17662.309081805,11.5655186885654,4776310.35569347,16669.5513288059,9.67403922441245,4677608.15352439,15529.5575725109
0.758872278152367,0.07195046109673,13.5081989549316,5303420.11905713,16970.5537371493,9.87672380026806,3916116.62937506,16103.7520267028,8.24291707430756,3798602.56034763,14945.5304435336
0.670806688437533,0.126463799064704,12.1380809944153,4875184.09160938,16714.472220812,8.84170826592766,3618819.81971326,15935.8001707807,7.3712619882958,3529687.87873374,14795.2801232541
0.941838038761055,0.0723671121539825,16.2253491717482,6341947.27652219,17628.7824161758,11.9555053304676,4711172.87544447,16598.4749132164,10.0057150541343,4572556.59655363,15431.5305018651
0.824452017594287,0.248369414190913,14.5021897322922,5982257.35901,17439.9853745395,10.6334410984788,4518052.9277507,16522.7590291633,8.88317506683067,4444638.01042027,15397.7704507931
0.99175110824164,0.18845072818615,16.9378747152928,6805570.31956622,17949.0362772906,12.5067960929652,5123188.06081203,16885.0224003266,10.4761097556662,5014344.55479079,15741.0706600839
1.11669865833269,0.0886194459079109,18.6694986761862,7302662.51158161,18245.3744683494,13.8564807851057,5464907.40880858,17076.3412359673,11.6318211603682,5316130.52009608,15909.1585374653
0.978909033083183,0.0859874354026758,16.7555698212909,6567065.27607005,17775.0837925025,12.3653677445726,4891386.20171691,16714.7380122152,10.3551976252284,4753220.28204739,15549.5251913779
0.783008897229635,0.203366133801274,13.8768497177549,5668727.83214185,17231.6545955119,10.1569646851027,4257410.92020549,16349.5921107343,8.47995722905125,4175737.4151908,15217.4307874691
0.694528057307964,0.178965854531639,12.5115025052391,5108514.23354521,16873.5152694352,9.12308942673364,3820783.12924926,16074.1397948902,7.60803774081985,3743759.58438235,14942.7503814068
1.32436924597954,0.22458029123425,21.3949440584934,8557700.94730291,19076.9986905168,16.0124107938667,6514238.95518065,17771.6342240287,13.492168055186,6394590.87326991,16633.9884305625
1.20640746529586,0.16847492616336,19.8695237533772,7888596.03882096,18636.7915869314,14.8010450436033,5960309.95915985,17407.8709871869,12.4448426140587,5829600.32160369,16257.2814503184
1.33779734309162,0.277290624307059,21.5649729290282,8704435.20517506,19181.4843739352,16.1482489003378,6653428.62910018,17871.6253004301,13.6099741481063,6549017.34817735,16745.375965183
0.64298116937209,0.25238894619633,11.6967076347252,4927629.28921921,16778.5026182463,8.510258098698,3720825.98406079,16033.6803177597,7.09323053123049,3673024.58366475,14921.7003932199
1.10559344796108,0.0906209631899551,18.5184779452459,7248168.30867441,18210.9246811766,13.7381519030127,5423183.9701869,17050.4689397445,11.530215755962,5275808.18170024,15883.8184782158
0.92407934247967,0.236525719364691,15.9693241844099,6517822.90129366,17776.54435708,11.7584267444511,4923220.07873361,16771.7776600273,9.83823581307362,4835245.39382376,15640.0117038441
0.697121195452689,0.120959388205505,12.5519319425695,5023248.87637201,16805.955517092,9.15347048838806,3727832.32639588,16001.0901404787,7.63344543455736,3633280.20528606,14857.3892860867
1.31824005677496,0.128803231421368,21.3170345294234,8378501.1111747,18943.20023,15.95011942773,6330903.59234573,17634.0935746336,13.4381094656049,6182875.12357982,16476.045796316
1.1369632285077,0.311728537371155,18.9439317826133,7766463.60664738,18587.9083052757,14.0721833313411,5927541.82465309,17420.1169463466,11.81746598312,5843931.07659411,16299.9655481925
1.07564406795944,0.202919448939213,18.1085649123059,7274005.21971046,18250.7902127502,13.4177484495385,5493828.91552635,17121.350259265,11.2555151131135,5382207.96334762,15978.7991533532
0.758186457036824,0.0841473414552814,13.4977236398326,5320349.65959738,16984.0879207875,9.86880133102177,3934889.84207434,16118.6013350489,8.2362605753958,3821080.73105998,14962.9776831008
0.753292788360208,0.311043930876981,13.4233074506822,5681639.45082297,17265.1427115578,9.81281037313396,4319333.19570271,16416.6299269719,8.18958726975012,4273403.47098365,15308.8272271951
1.28255041978769,0.266249878914672,20.8608632235716,8420039.03500452,18996.9238948566,15.5869956449642,6422781.26989409,17722.8474362578,13.1238156535838,6317367.81492509,16593.4807409828
0.762684307654949,0.0552620889595371,13.5665240629412,5297078.54251253,16962.6489264906,9.92094513819959,3903209.55183064,16091.3330668662,8.28020823469548,3780248.32402243,14929.3746613492
1.19662703342759,0.177753399772727,19.7404201480839,7854184.51704108,18616.6206205916,14.6990978391396,5937269.5320925,17395.3971208383,12.3569578022584,5809897.75528892,16246.7563676112
1.35804338121131,0.327629390511902,21.8199290766918,8879282.04674223,19303.5037408021,16.3521795452783,6814075.52657328,17984.6925332615,13.7869314701849,6723980.32163945,16869.4867850002
0.753604183690834,0.156913712145615,13.4276467343926,5418573.52173089,17063.099610859,9.81579759679738,4044785.56356198,16205.9069711607,8.19171089341699,3953143.86911134,15065.8129471706
0.988608792608022,0.119874518219755,16.8932653031331,6675536.93109296,17851.4763875768,12.4720922478447,4990951.11620175,16785.4267749952,10.4463563178054,4861972.67597285,15627.0954674429
0.920828249083952,0.221375350780265,15.9221982427931,6474696.69514525,17745.8199871314,11.7220981818296,4882932.88853072,16742.8409275557,9.80728934334137,4790785.65504684,15608.0012256572
1.05499658702618,0.0823532636975858,17.8233005735468,6969040.09627904,18030.7789334654,13.1949286608909,5201702.7507117,16908.9037476175,11.0644047912101,5055776.432068,15741.2085725613
0.893761984448132,0.0507452061717528,15.5277241858834,6039182.80989794,17431.5246863499,11.4183420700925,4468000.13581088,16441.0757318113,9.54862058094265,4327977.71572471,15271.3713561959
0.927166458784095,0.0537542286327654,16.0136343651568,6230038.15810326,17553.5189471757,11.7922115911565,4616237.1412922,16534.4664862081,9.86662441083703,4473574.68006863,15364.1112635926
0.962694352601042,0.107392540484447,16.5245203738111,6514280.97239526,17746.0777079691,12.1866466039166,4860461.82871344,16700.5744213361,10.202780090154,4730215.18851742,15540.3448039551
1.19866154529307,0.146171912660186,19.7672788349089,7814126.86781763,18584.5838327967,14.7202533036423,5891872.17190493,17359.4871708006,12.3751589174018,5754950.42190652,16204.1623390516
0.683319110440266,0.290397563358883,12.3358851141379,5235583.42175675,16980.353331575,8.99093539251625,3971630.23627523,16197.544508693,7.49717449390878,3929161.18866303,15090.2704754225
0.720244483372392,0.0749117808242725,12.9123382542337,5080989.18437676,16831.1643480743,9.42551587012705,3748904.538723,16001.4377123076,7.86239787925587,3637484.26864672,14846.4309764829
1.22870132060946,0.191681599581603,20.1623176045202,8036941.67565175,18736.508952612,15.0326391892475,6087445.93264367,17493.6228721676,12.6446793274466,5962429.76345049,16348.0262180687
0.635197067470102,0.125301913713022,11.571888157754,4657488.32757189,16578.0595542495,8.41638753078973,3454415.46469803,15835.042616103,7.01409553208789,3370257.11009643,14697.244529286
1.00509464762441,0.237193506436117,17.126360732459,6957340.37921719,18056.1531967414,12.6530844145261,5263174.53014846,16984.6400968305,10.6011463015315,5167646.10875664,15850.6420578086
0.818758888504764,0.112989724162946,14.4164908698517,5719964.93504188,17243.1469452677,10.567776341217,4253057.79661172,16323.1727048043,8.82725037436157,4140143.6343025,15170.0665358709
1.35017765675056,0.155418546589242,21.7209629901494,8574279.02638496,19074.1499563805,16.2727774350634,6498041.90019918,17746.1770465406,13.7179038618469,6356745.0942141,16594.2948258464
1.36310895662437,0.0802185112563019,21.8832796953152,8519675.00722,19024.5008900086,16.4025649666902,6422687.20374972,17681.8804718205,13.8304939124676,6258456.09225265,16514.2866106894
1.26927443546735,0.164703741829523,20.689700794336,8195271.08741427,18832.6474508925,15.4508083713701,6200933.90706012,17559.5094114046,13.0059297046856,6065798.06189292,16408.4851425551
0.793913220558542,0.276401327947126,14.0424163623251,5856071.85248818,17366.822081969,10.2830602134091,4435239.45365262,16478.8666551147,8.58673573420702,4373859.43966547,15361.392996867
1.39713009747268,0.111741629012914,22.3073018054485,8730881.09574293,19166.3969945955,16.7425663473239,6604645.23842461,17804.5639712357,14.125890557931,6448755.51633748,16644.3715555893
1.2605564945172,0.306184026873408,20.5770885670079,8375336.00268882,18976.2379486779,15.361593869787,6404601.33723427,17720.2790712749,12.9289330156679,6312157.80673332,16599.1575419099
1.25040257461088,0.302720063682755,20.4453766073056,8320014.67759048,18940.1140610382,15.2570862640492,6359339.81898675,17690.841521847,12.8386182612041,6266364.25821913,16568.9028902209
1.09249567146997,0.300734989394887,18.3399271117399,7520412.20506562,18428.5438443377,13.5987632533037,5730145.3496494,17293.2092481739,11.4108927220859,5646414.0643448,16171.1132102942
0.644284394408353,0.33627977853519,11.7177895610912,5082507.97888726,16896.1653604432,8.52623167188641,3879067.07984184,16154.0496783955,7.10687550235853,3855850.21039454,15059.4461674035
1.23983535786502,0.296297099691138,20.3078395450109,8257795.34860651,18898.9828114865,15.1480487523298,6307373.7777045,17656.4980045207,12.7444280245632,6213019.16273249,16533.1245079362
0.745674392511859,0.204507730879629,13.305893205424,5454134.2087314,17096.7456763272,9.72360549545971,4094903.20490818,16249.6153190309,8.1140467665654,4018413.34178779,15119.9964242228
1.24607056181356,0.22088105864195,20.388976338756,8169362.41301347,18827.2164346743,15.2122429416277,6204743.74955164,17574.5024969049,12.7997981238928,6087538.94796503,16435.1933304851
1.06198477831191,0.141397851794495,17.9200968605119,7102207.25537127,18128.2069828931,13.2705230703374,5332139.96981063,17005.0078129021,11.1292505659591,5203252.1876396,15849.6661397054
0.796513860420724,0.334906413667122,14.0819179994541,5970720.31465456,17452.7409688218,10.3132454344301,4550723.17591177,16565.7403311386,8.61240509899515,4506375.73011653,15460.3903129688
1.14725188287559,0.0566361162736367,19.0821178416311,7409064.78632776,18306.9454372132,14.1803308757576,5534022.0040427,17112.6337950507,11.9101320470632,5373588.50069339,15938.4658956003
1.17246398702994,0.105781558935042,19.4195833337688,7616928.08986663,18450.0807197049,14.4459689363019,5718964.45148213,17240.8670795463,12.1387982222666,5571569.6486226,16077.00411563
0.690049187670368,0.315554354983715,12.4417075447289,5319236.23421408,17038.8816638129,9.07072611346981,4047174.77251821,16250.7978194461,7.56435584144408,4011189.8410525,15148.2717496909
0.916448528075533,0.153386826020972,15.8585330171004,6337056.17789548,17643.4118241358,11.6729441416635,4745188.23674961,16639.8437310211,9.76532768579695,4633272.50438852,15490.8522710572
1.23728279013328,0.270266802823737,20.2745224543204,8203994.74672522,18859.3002240163,15.1216133502937,6253558.10658124,17616.5503123053,12.7215740673037,6151560.66492723,16487.6466418727
1.01014117434978,0.290692164925106,17.1974828203892,7072197.15291681,18140.7645254163,12.7083947027191,5376754.00568805,17068.8398547419,10.6485013040157,5296716.90334531,15946.0121738262
1.24544399119974,0.194763937562518,20.3807986641366,8124985.39902442,18793.5551396024,15.205720968598,6158333.74434327,17539.2259041424,12.7941386197205,6033358.84857845,16394.3792503594
0.805015856576103,0.0660251580255694,14.2096137695785,5561193.63785672,17131.9715361277,10.4099628557357,4109423.26914623,16221.8430456016,8.69356402447076,3984255.57346976,15059.62886367
0.743060039528144,0.311348067680293,13.2659459946853,5622811.466262,17228.2404244279,9.6935505495665,4274841.72643683,16389.3306308574,8.08897314586485,4230349.61309872,15282.2436450604
1.37719860454581,0.340451280920726,22.0596099503299,8989839.38122727,19376.9300373196,16.5441572506784,6907702.36360858,18046.9593738271,13.9536256831349,6820802.21477785,16934.8599345001
1.17606164662331,0.216025443436449,19.4676251855626,7811477.17645616,18597.0431735061,14.4839983630407,5920499.15986665,17393.5361719496,12.1716770171247,5805793.73764743,16252.999270376
0.641646840743395,0.308827184893483,11.6756113314243,5018521.30558373,16849.3679559083,8.49452653371952,3817280.86523202,16108.570062616,7.08018701156453,3786348.8234517,15008.464689719
1.20106739065496,0.132469389394054,19.7990418030707,7804433.46772034,18575.6109911126,14.7453137253412,5878230.13558727,17347.7413782821,12.3967485099172,5737076.18673087,16189.5185347215
0.887027917581689,0.241425238298678,15.4295118953775,6321570.81624247,17653.1422748146,11.3432930172456,4774600.03563544,16680.3574707997,9.48525912880861,4691993.00474399,15551.0343329812
0.792566144747793,0.303017931172268,14.0220912829845,5893791.44733762,17396.8098578658,10.2676444394289,4476778.37592531,16511.5933155864,8.57376616668204,4423460.6337224,15399.7760587088
0.891830891971738,0.286430073669117,15.4999697368067,6423702.90366971,17727.9440551562,11.3974867690657,4874214.09051642,16753.8063338319,9.53139931645884,4804466.1521341,15633.7543409152
0.707613815245153,0.33140497774419,12.7165550422239,5450326.05693624,17124.847757116,9.27810370726055,4154017.85308977,16320.6405599203,7.73892813464855,4120265.58806224,15220.1504563557
1.02835215919836,0.147698515604793,17.4525931039176,6934402.23823004,18022.4430378357,12.9063796120136,5204464.1556359,16926.202472314,10.8175344257617,5080240.7094369,15772.807902805
1.29531796202136,0.21668073483259,21.0246530626852,8404489.27195792,18977.1402840356,15.7172489894235,6389149.82740219,17690.4836855816,13.2364959357383,6268352.71069323,16550.7589711923
0.956262554202887,0.178148905734144,16.4326367609839,6596555.39710045,17813.7835077457,12.1157660099032,4956784.3443454,16778.26604323,10.1424837457316,4848223.49484849,15633.142314103
1.23154721549294,0.200970143849928,20.1995471192227,8065823.89661741,18756.8794555515,15.0621283460082,6114292.68445844,17512.7221890617,12.6701450406125,5991898.55982479,16369.1072627443
1.33367088034374,0.243807112326093,21.5127880419723,8632478.89162122,19128.7546456436,16.1065184694957,6581916.9286988,17818.8461188763,13.5737633990678,6467653.65571945,16685.4263512649
0.626576489562169,0.208350484161708,11.4340481927964,4750865.98376281,16657.1949346894,8.31319852920132,3566035.89170373,15926.8121319535,6.92777205525462,3507713.56742422,14807.0658477769
1.06047858023525,0.270192407178815,17.8994599956885,7304172.18428526,18284.1890985287,13.2546546733648,5547731.71928538,17171.2333400484,11.1158552634799,5457363.99728938,16043.1180923079
1.00698853049139,0.279540637861038,17.1531029041142,7037091.12773112,18116.0221771047,12.673919673691,5344419.44289983,17045.8614632851,10.6190220648628,5261338.1887661,15920.752829074
0.929598678009114,0.29096944256413,16.0492660148611,6638794.38666442,17865.3529242645,11.8201330506934,5041816.10717101,16859.4145031714,9.89086816555875,4969475.63461807,15738.9195761341
1.39914649066507,0.286060522857184,22.332399085581,9009204.40538882,19378.8092682364,16.7629357806376,6900322.50581362,18030.4176505153,14.1437074405853,6796492.30163227,16907.2636743603
0.990914052159628,0.180477939139387,16.9260139914006,6787921.73849543,17936.0828815572,12.4975873910792,5105853.84099787,16872.2148002846,10.4682325977761,4994712.41009868,15726.6032082948
0.929936998442635,0.271525888214842,16.054116459427,6608241.25951139,17841.6679134421,11.8238338939504,5009206.91328785,16834.2002991295,9.89397982281742,4931047.67985878,15709.5998420334
0.601308941891767,0.113915186741681,11.0263713614771,4429559.47684409,16433.0991564578,8.00788749164156,3277707.41622363,15724.2478610839,6.67159564196818,3195446.19493523,14587.1402052436
0.793428521294464,0.0560118175501078,14.0344973533855,5477220.93667953,17076.5791582857,10.2765948649922,4040614.24602591,16176.568149696,8.5807270430717,3913922.8740792,15012.9102670551
1.03209466895274,0.258372184959821,17.5050488952484,7135548.68477513,18174.1966285089,12.947386099923,5411180.12656755,17082.6222096647,10.8527952655712,5319620.55291276,15952.5122402682
0.859527923911757,0.174617868532668,15.0242683518045,6055500.35558557,17469.5388429162,11.0324377023194,4538986.99346393,16516.6992528905,9.22121019827823,4439585.09007414,15374.5240934212
1.27507184182851,0.191308595728273,20.76452013139,8265641.07209128,18883.0587183011,15.5102952364092,6268147.87836589,17608.0751380309,13.0573990418446,6140687.10815215,16462.7455761749
0.893107066361546,0.237674975717694,15.5185414487886,6348996.67340527,17669.6893487557,11.4116560718283,4793898.50905776,16691.4256610612,9.543335850273,4709519.15586731,15561.0675401811
0.971657497816982,0.0773033907609767,16.652362840862,6513287.70121606,17738.9520770434,12.2854676373784,4845783.67255029,16684.024249455,10.2870081537295,4705718.82020083,15517.1874664422
0.71247021548869,0.241036211587445,12.7919558653381,5322404.21619135,17022.7235746081,9.33487241307502,4012947.40657591,16209.1684907943,7.78648812312544,3951777.73186932,15089.4449179222
0.850547581002507,0.185391929846811,14.8911784642668,6023128.85538899,17451.473541527,10.9305842677564,4519309.41409764,16507.2293701023,9.13484266304954,4424135.91862277,15367.7351439425
0.975489788353322,0.323912077400903,16.7073671101316,6941877.40189695,18065.0623225979,12.3285024004563,5291079.41149444,17023.3197043202,10.3241771650471,5224077.91243825,15908.3585296677
0.798667609030994,0.345676505666295,14.1145054134446,6001347.04849744,17474.5568871786,10.3380781059562,4579238.30463575,16586.2147232955,8.63343324531037,4537820.63578447,15483.00505454
1.17362095736683,0.0867193053243299,19.434978546557,7592334.13660545,18430.4626078559,14.4580670032201,5691226.69359138,17218.9660260827,12.1491931411423,5538068.51740379,16051.066411079
0.627219353411113,0.343992140124007,11.4448518592947,4993214.65502501,16842.5030246934,8.32153171820297,3815817.85557941,16117.8062677353,6.93514852242881,3797441.26086272,15026.2536543464
0.798265357634941,0.135963259598751,14.1078783837739,5641502.65134782,17198.8275749806,10.3326147367968,4204227.10440156,16298.9001795037,8.62830021116489,4100646.66741717,15151.7323920937
0.982618456647978,0.0599825717543111,16.8082131689314,6544244.52360734,17754.959463887,12.4060857857753,4861742.23802726,16689.8248302033,10.3899016079989,4715484.66009802,15519.0264926398
1.14281446301299,0.32201283165939,19.0227619070839,7812784.80328084,18619.621633009,14.1341227842413,5968422.24158146,17448.2857404958,11.8707318099152,5887488.3186918,16330.2784149037
0.640238980458871,0.265181447600763,11.6529791623781,4933498.26275044,16785.3759084775,8.47746589478659,3731612.53565167,16043.908281209,7.0657452208988,3688000.73061077,14934.8254194788
0.977552543396092,0.260571272987422,16.7365944752479,6848254.3874568,17991.7756046365,12.3510069716406,5189437.23456036,16944.1462586954,10.3432623530875,5103383.05260049,15815.7761358895
0.609007437407093,0.110112416591152,11.1508514721099,4470315.34277959,16457.5062408363,8.10097977354833,3306338.02646109,15740.5385484175,6.74958071930924,3221743.36750668,14601.9229903097
1.01794372545019,0.291664960568833,17.3070742786415,7115216.18412237,18168.3591343572,12.7935200580653,5410578.74360391,17090.2834273471,10.7212641105453,5330150.60124442,15967.4898222801
0.711898184200388,0.338915171931147,12.7833512255941,5488487.00037024,17150.5879526554,9.32856094901481,4186562.5268596,16342.6691081306,7.78143597974262,4154441.92252776,15243.446771671
0.781473546853433,0.222927836371386,13.8535675428238,5693328.04064319,17251.7334763756,10.1393024972139,4285568.13110108,16372.185618974,8.46507934542415,4209889.83016489,15244.2141721513
0.998548881134277,0.0997497090618983,17.0338123037343,6695995.48779943,17860.2081487885,12.5810215110279,4997551.28694003,16784.6961403968,10.5393434488709,4861669.31711442,15621.8650827354
0.844642114647837,0.199641694641609,14.8034528339062,6013905.33048461,17448.8675239172,10.8635087598745,4519021.99583835,16510.7205418515,9.07800313856754,4428763.66018152,15374.5006292875
1.06516654950939,0.195567295567656,17.9641328824226,7207170.27958001,18206.5858240862,13.3049774343292,5438411.04867914,17084.7313303507,11.1588537614578,5325420.47044562,15940.7811498384
1.14038637509767,0.287367823721303,18.9900314518471,7744724.15540518,18568.9860228867,14.1083510682197,5899672.62424402,17396.8700657497,11.8485282067468,5808561.32534496,16271.5469534596
1.34570678397793,0.289645191593664,21.6647671900398,8761505.81366049,19220.5185973632,16.2280207302379,6704121.9221894,17906.5306776618,13.6791722024883,6603110.75357093,16783.0394273759
1.24806448121101,0.284879119526051,20.4149705877491,8280325.89741244,18911.1190623377,15.2329479025971,6320224.25055717,17662.053505997,12.8177470107208,6222036.80113243,16536.3174531691
0.723782351445579,0.0581286082763819,12.9671959574334,5072960.03427471,16822.1120907922,9.46695640080662,3734616.86825072,15988.0848215657,7.89727167926602,3617739.10441976,14829.3189749044
0.957197168921884,0.0828350175918279,16.4458432472147,6443556.34192976,17695.7341321557,12.1257880483744,4794455.9208264,16653.2044659233,10.1508456774581,4657433.64015586,15487.9687133305
0.999549480562092,0.179701236283689,17.0480721747695,6833037.49155024,17964.6519841601,12.5922319949385,5140449.97068385,16893.7231383387,10.5490596951329,5028292.35895986,15747.7307865786
1.12938360658292,0.0874612065366372,18.8413273107774,7366488.83688191,18285.9822158149,13.9912570057616,5514355.65123394,17107.3028224459,11.7476138772666,5364338.83658958,15939.7698379293
0.953412410319193,0.328125057474404,16.3920788581558,6829943.27993085,17994.8765115093,12.0847204003831,5206528.91868761,16971.5138513902,10.1163087860674,5142884.1492373,15858.0764670753
0.655327126534135,0.0734633377827674,11.8926482161982,4689080.47528417,16584.9174262208,8.65707363044911,3452364.91581135,15819.1067782736,7.21599025437488,3349857.39741538,14668.7916420753
1.01488818011958,0.172625740501276,17.2639987636283,6903505.36394769,18008.0427235743,12.7598348099995,5191856.66396647,16924.2740689735,10.6922658175017,5076227.22353904,15776.4294350508
1.16410828326582,0.270815388154694,19.3082592677262,7838662.03223419,18625.6241774008,14.3585694028169,5966044.08189832,17434.9134270206,12.0637557298731,5868443.90274047,16305.9944217528
0.809401100068823,0.144347760614214,14.2758946015488,5719714.28003857,17250.1775386969,10.4606283125783,4267882.14629698,16340.5367129665,8.73662624290239,4165414.04856953,15194.5120379741
0.912525564125014,0.300932632110404,15.8018512234115,6561979.90598583,17818.8320801628,11.6296050845651,4987324.35804324,16827.9333184144,9.72876293151438,4919699.37116241,15710.1400693502
0.980765291696867,0.188100320353697,16.7821236833439,6745819.12351486,17910.9181805617,12.3861222332521,5076769.40575858,16855.8423028293,10.3730956977778,4968835.8901794,15712.1063234407
1.02565516641309,0.286818371694596,17.4150957984654,7148103.54233449,18188.2636257183,12.8774742969424,5433900.43486295,17103.7395394046,10.7930425728841,5351364.90124776,15979.7621817402
1.27764564377692,0.123058982176079,20.7976222444952,8170967.92853026,18808.8172845154,15.5365077955761,6163725.93274666,17526.6358838327,13.0800105968953,6015751.63308797,16366.867246224
1.02502574965975,0.208748410207516,17.4061649001574,7016776.44614657,18087.9376325019,12.8703871523588,5296289.57621242,16998.545798563,10.7868514665769,5190543.87525152,15858.1049401471
